timestamp,commentid,authorid,agrees,disagrees,moderated,commentbody
1438050610425,671,15123,1,0,0,廢死並不會導致社會先進，而是先進的社會才有廢死的可能。
1438060708164,675,15123,1,0,0,簡單地將死刑視為阻擋社會正視社會問題的黑幕，讓廢死者心理製造了「認為廢除死刑就能促使社會正視社會問題」的樂觀迷思，從而高估了廢除死刑的社會效益。
1438060956506,676,15123,1,0,0,沒有任何人可剝奪其他人的生命權在多數的人權觀中常不被遵守，例如墮胎議題、國家暴力維持議題(是否維持軍隊或賦予警察開槍權)，推行廢死者應加強其人權論述，而非將生命權視為尚方寶劍。
1438061477000,677,15123,1,0,0,人同時存在想殺人、亦不想被殺的需求矛盾，目前社會亦無對殺人衝動提出實際解方，故殺人暴力才需要被社會共同控管，而死刑即是其表現，故被視為社會正義。
1438059931307,672,15123,1,0,0,將隨機殺人犯接觸的人事物視為使他成為隨機殺人犯的觀點，將使他的家人、同事、朋友被社會獵巫跟傷害，使國家陷入一個更瘋狂的狀態。
1438060067343,673,15123,1,0,0,廢死無法使社會先進，而是先進社會才有可能廢死。
1438060347657,674,15123,1,0,0,支持廢死的誤判說理論，依相同邏輯警察亦不可佩槍，不然亦有可能誤殺嫌犯。故若支持廢死，亦也要反對國家任何形式之致死暴力纔是。
1438091561350,678,15123,1,0,0,專注於死刑個案的討論無助於社會思考死刑廢存
1438091779818,679,15123,1,0,0,再有更多實證研究釐清死刑與殺人案的關係之前，我拒絕以死刑有無嚇阻力為理由支持或反對廢除死刑。
1438092119125,680,15123,1,0,0,主張生命權不可侵犯的廢死者，也應該針對其他的國家殺人或法律容許的個人殺人表達意見，例如戰爭、墮胎、處於防衛目的非不得已的殺人、為親人安樂死、放棄積極治療、為了保持器官新鮮提前認定死亡等等。
1438103450179,681,15153,1,0,0,死刑並不是對法律對犯罪者生命權的剝奪，而是國家對受刑人直接宣戰然後進行抹殺
1438107095757,683,15153,1,0,0,我感性上支持廢死，理性上支持死刑
1438105577391,682,15153,1,0,0,學習需要立即的回饋才有最好的效果，很顯然的，拖延死刑的執行 和 死刑對減少犯罪的效果不彰 之間有明顯的因果關係
1438107396143,684,15153,1,0,0,廢死與否是長年的重大社會議題，其實大多數的人是已經討論到煩了且有了決斷，只是在重大社會事件時才忍無可忍出來叫個幾聲。而非是平常並不關心。
1438107442068,685,15153,1,0,0,廢死與否是長年的重大社會議題，其實大多數的人是已經討論到煩了且有了決斷，只是在重大社會事件時才忍無可忍出來叫個幾聲。而不是新手村玩家以為的默不關心。
1438107554632,686,15153,1,0,0,人們讓渡予國家的權利並不包括生命權，但國家完全可以通過對特定人仕宣戰來達成相同的結果
1438107783326,687,15153,1,0,0,我們不相信這個國家，但如果他選擇癈止死刑我們就在這件事上相信它，實在矛盾
1433068286843,63,571,208,120,1,死刑速決隱含了「很快我們就會忘記這件事了，所以趁我們還記得你的時候趕快去死吧」的訊息
1433139439397,337,4488,1,0,0,"選擇死亡的是犯罪者自身"
1433182207559,465,9102,1,0,0,雖然擔憂台灣的監獄人滿為患，但我認為重刑(非特指死刑)有其必要性，重點在於殺人或是任何的犯罪並沒有受到可以與他所犯的罪相符的制裁，反而讓民眾覺得輕判，而假釋的存在也讓民眾覺得似乎關沒幾年就被釋放，沒有達到教化與懲罰的作用。
1433234436600,511,11387,1,0,0,"所有且唯有""人""擁有人權。"
1433488745703,632,13436,1,0,0,隨機殺人事件是為了證明自己贏過他人。
1433060704968,1,0,207,1175,1,殺人的人不對，所以我們應該把他殺死
1433060726473,2,0,246,139,1,我支持廢除死刑
1433083870767,168,2513,80,124,1,隨機殺人者視同放棄自己的人權
1433083993481,169,2562,1,0,-1,Case by case
1433084745372,170,2124,87,103,1,死刑作用是拿來威嚇用的
1433060793057,3,0,305,113,1,在有「無期徒刑，不得假釋」制度的前提下，我支持廢除死刑
1433139111107,335,4488,1,0,0,"死刑是人類歷史共識,廢死還不是"
1433135147867,305,4488,57,49,1,超級英雄都是殺人犯
1433075772788,99,1352,46,187,1,有的人就是只欠一殺。
1433089830277,222,749,134,71,1,隨機殺人不會沒有理由
1433487090464,594,13436,1,0,0,我沒有殺人的原因是因為我害怕死刑。
1433060642032,0,0,1559,41,1,無論是否有死刑，隨機殺人都還是可能發生
1433060975212,4,0,83,1361,1,會有隨機殺人事件，是因為有推動廢除死刑的人害的（雖然現在我國仍有死刑制度與執行）
1433061050510,5,0,556,205,1,"在殺人事件上，""廢死""/""反廢死""是假議題，因為目前本來就有死刑"
1433061102076,6,0,196,793,1,死刑不夠，應該用嚴刑峻法，包括鞭刑、公開槍決。
1433061543941,7,9,74,188,1,人人皆約可殺就該死嗎…
1433061792687,10,37,994,654,1,我認為死刑不是絕對的 但是現在的台灣不能廢除死刑
1433061757101,9,16,247,428,1,我支持廢除死刑，改讓死刑犯做拆炸彈、新藥開發受試者（腦科學研究、安眠藥、抗憂鬱用藥等研究優先。）、鬼屋的拆除、沙漠的綠化等工作。
1433061977508,11,71,767,72,1,"解決「隨機殺人事件」的問題和「死刑存廢 」其實是兩碼子事"
1433062469704,13,113,220,206,1,廢死只能是目標，但目前不適合
1433061616439,8,16,111,289,-1,我支持廢除死刑，另立生不如死刑。
1433062008945,12,34,670,29,1,我認為隨機殺人事件後的重點在於「災後重建」，撫平被害者家屬或者學校同學受到的心理傷害，並且避免媒體一再放送挑動激情的畫面或詞語。等一切回歸常軌在來討論議題，死刑的存廢也本來就該在平常要討論，不是等到事件發生再炒作。
1433062540248,15,104,622,77,1,到目前還沒有足夠強力的證據可以證明死刑能夠降低重刑犯罪率。
1433062538963,14,12,522,351,1,如果經實驗或統計數據證實能有效降低隨機殺人事件發生的機率，我願意支持死刑。
1433062904773,16,127,282,508,1,"如果要廢死  就要讓喪心病狂兇手的人""生不如死"""
1433062963925,17,1,437,317,1,我無法百分之百相信司法，因此不可逆的死刑必須廢除
1433063028860,18,68,562,75,1,死刑無法嚇止那些怯於自殺，遂以隨機殺人達成讓司法處刑目的之殺人者。
1433063291187,19,104,312,131,1,執行死刑和解決造成重刑案的社會問題不衝突。
1433063579637,21,265,247,89,1,死刑雖無關正義但也無關野蠻，支持廢死者不應持文化論，菁英論。
1433063543819,20,181,117,213,1,"廢不廢死刑一，臺灣沒有廢除死刑的本錢二，臺灣的思想教育太過古老三，對於一個沒有理由 隨機殺人事後 還不知悔改的罪犯，我想 這個人沒有生存的價值"
1433063688993,22,0,266,463,1,對於一個沒有理由隨機殺人，事後還不知悔改的罪犯，這個人沒有生存的價值
1433064125587,23,336,1068,252,1,沒有人可以評論他人有無生存的價值。
1433064263217,24,372,490,59,1,"死刑無法嚇阻無差別殺人案應該尋找源頭的解決方法"
1433064386145,26,255,867,179,1,死刑犯擁有人權
1433064355921,25,255,1,0,-1,死刑犯是否擁有人權?
1433064654645,27,386,1,0,-1,因為了解二二八事件，我認為人民與政府的社會契約中，不應包含讓渡人民的生命權給政府，以防止政府再度濫權的可能。
1433064855974,28,345,1,0,-1,123
1433065159965,30,489,55,980,1,廢除死刑的前提是給予人民擁槍的自由。
1433065131741,29,489,254,84,1,加大處決極端型無差別暴力犯罪的力度，與基礎社會改造可以並行，並非二擇一的單選題。
1433065249448,32,489,124,833,1,如果要廢除死刑，請還我執行私刑的權力。
1433065201433,31,489,215,246,1,"廢除死刑的前提是建立""城堡法""，讓人民有法源可以保護自己以及家人。"
1433065488834,33,435,249,38,1,隨機殺人是人絕望到極點可能會執行的行動之一，不認為與死刑存廢有重大關聯，假設自殺是犯罪行為，執行自殺的人應該是不會考慮到這行為是否犯罪。每個人或多或少會產生黑暗的念頭，幫助他找到情緒宣洩的出口，可能比較有機會避免類似行為發生。這類行為一旦實際執行過，往後再發生的機率很高，可能要找到預防或是類似疫苗接種的方法。
1433065621421,34,552,989,33,1,廢死與否不是只有社會發生重大案件的時候才應該被討論，但是我們現在往往看到的是有類似於鄭捷、隨機殺人這種案件的時候才會被討論，等時間過了又開始乏人問津
1433065724060,35,0,122,235,1,隨機殺小孩比隨機殺成人嚴重
1433065733368,36,71,212,230,1,"我希望死刑存在，但也認為江國慶的案件不該存在！"
1433065800593,37,364,160,71,1,我反對死刑，但我支持安樂死合法化，對這個社會感到沒有希望的人，先經由輔導改善，若無效，本人可以決定是否安樂死。
1433066358759,42,670,304,47,1,就程式設計的角度來說，死刑是終止該程式結束處理，但是並無法停止其它程市也做一樣的事，沒有直接關聯的處理方式，是治標不治本的。
1433066341390,41,550,184,33,1,"隨機殺人與死刑存廢根本不應該扯上關聯性！隨機殺人者說尋死故殺人，於是死刑就被台上台面議論，好像「死刑」成為殺人動機。同理隨機殺人者說要當總統，於是「總統一職」就成殺人動機，就要討論應不應該廢除總統制嗎？隨機殺人者的腦袋關聯性已經出問題了，還要跟著他的思緒起舞？應該去思考的應該是社會對於魯蛇的言語，是不是讓他們覺得只要證明還有人比他弱他就獲得心理上的平衡了。廢不廢死跟司法資源 、誤判率才有關係。"
1433066303190,39,641,265,604,1,真正有資格對兇手“判決”死刑的，只有被害人的家屬，如果他們願意原諒，就可以不執行死刑，但是仍應有懲治的刑罰。
1433066398139,43,414,354,198,1,沒有終身監禁不得假釋的配套，我不會支持廢死。
1433079819398,123,1687,116,80,1,替代死刑，犯人終生不得假釋出獄，可決定自縊或在監獄勞役。
1433066322011,40,414,769,104,1,應該好好探究隨機殺人犯的成長背景與動機，檢討社會問題，就算有死刑，也不該「立即」執行死刑。
1433066221917,38,670,398,31,1,要不要廢除死刑跟要不要停蓋核四是一樣的議題，都需要全民一起學習，所有人都需了解整個決定過程的處理方式跟後續發展，才會能夠接受新的決定。
1433066431558,44,586,79,45,1,這題有討論空間，大部份我覺得是，但若是受瘧者不小心殺死加害者則不在此限
1433066754517,46,414,68,188,1,一槍結束罪犯的性命實在太便宜他了，所以我支持廢死。
1433066917029,48,414,311,214,1,只要有冤案發生的可能，死刑就不應該存在。
1433068031067,57,749,38,256,1,在犯人同意下死亡下，只能由被害人直系血親執行死刑。死法也必須相同。
1433068366406,64,749,1,0,-1,全民表決
1433068699871,66,604,250,342,1,司法本就應該沒有溫度、不帶有私人情感，那樣才是公正的法律
1433068976084,69,749,205,161,1,有殺人能力無生存權力的人，有比死刑更好的利用價值。
1433075280680,94,1352,72,149,1,明知有死刑還刻意去觸犯，那是自己選擇放棄自己的生命。所以死刑並非殺人，充其量只是協助其自殺。
1433066593501,45,591,218,24,1,"隨機殺人事件的原因有很多，一個國家有沒有死刑只有很小的影響，政治、經濟、貧富差距等因素反而比較可能影響隨機殺人事件。舉例幾個國家的「謀殺死亡率」（每十萬人口）：牙買加：52（仍有死刑）委內瑞拉：45（廢除死刑）墨西哥：18（廢除死刑）美國：4.8（仍有死刑，看州）台灣：3.2（仍有死刑）波蘭：1.1（廢除死刑）德國：0.84（廢除死刑）日本：0.36（仍有死刑）"
1433069048909,70,749,19,653,1,死刑可易科罰金
1433075655740,97,1376,107,23,1,該題顯然是移植美國用槍的歷史情境，但台灣並沒有相同的歷史背景的(抵抗暴政)來合理化擁槍的理由
1433066884211,47,550,149,22,1,"隨機殺人事件與死刑存廢不該扯上關係。隨機殺人者表達尋死故殺人，就跟著這腦袋關聯出問的罪犯起舞扯死刑;隨機殺人者表達他想當總統，那大家也就來討論要不要廢除總統制好了。應該考慮存廢的是對於魯蛇的言語刺激，是否讓他產生只要找到一個比他更弱的，他就贏了的念頭。跟死刑存廢有關的是司法資源、誤判率的問題。"
1433067013186,49,571,1113,132,1,死刑不能解決隨機殺人的問題
1433067102494,50,571,665,104,1,台灣人口中所謂的「公道」，只是「想看殺人犯遭到報應」
1433067281870,51,716,86,188,1,治亂世須用重典。
1433067366667,53,571,730,137,1,多數台灣人認為自己想看到殺人犯償命，就理所當然覺得受害者家屬也這樣想
1433067316450,52,414,338,185,1,我們不應該賦予政府合法殺人的公權力。
1433067603349,56,787,748,229,1,雖然死刑無法完全解決問題本身，但是無疑存在某種層度上的嚇阻與平撫大眾不平等心理。（人類是有情感的，並不能完全以理性的歸結考量
1433067586420,55,616,175,67,1,"無原因的隨機殺人犯當然該死, 但你我/司法非全知而不會誤判, 所以我願意擱置不可逆的死刑.(當下覺得罪證確鑿, 說不定幾年後發現, 有人脅迫他, 若供出原因就殺他親人, 他才因此犯案/認罪)"
1433067580028,54,571,474,27,1,很多人根本不知道「死刑速審速決」代表的意義為何
1433068111136,59,749,100,429,1,死法相同，公布執行影片。
1433068094558,58,571,602,107,1,大部分的人是帶著「我這輩子不可能犯下、或背負可能被處以死刑的任何罪名」的高姿態在討論死刑存廢的
1433068134976,60,571,651,83,1,在台灣，死刑速審速決只會引發更多悲劇
1433068228880,61,854,1,0,-1,...............
1433068245371,62,749,1,0,-1,活體解剖
1433068464765,65,749,60,224,1,如同電影關鍵報告一樣冷凍被告
1433068848149,68,749,90,103,1,殺人是能力的一種
1433068800674,67,749,430,84,1,人民有自殺的權力
1433069675839,71,938,144,1332,1,寧願錯殺一個誤判的，也不要放過一百個鄭捷
1433069839525,72,938,312,218,1,寧願放過鄭捷等惡人（不判死但終身監禁）也不願錯殺一人
1433070120114,73,955,97,82,1,死刑無法嚇阻想死的犯人，所以我們要廢除死刑根本就是假議題
1433070952839,74,1056,156,82,1,廢除死刑應成立於社會具有共同良知與互助意識的前提下，現在的台灣，還未走到那階段。
1433071038002,75,1056,496,461,1,廢除死刑與否，不應該拿受害者的生命作實驗，當決定磨滅他人生命，就已經喪生「人」的身份及一切權利。
1433071095030,76,1029,198,77,1,我認為不假釋的終身監禁可以取代死刑挽回冤獄
1433071667925,77,1082,265,33,1,該死與不該死不是二分法，所以速審速決的死刑很容易產生冤案。死刑應該法治化，不應該針對大眾認為該死的人進行速審速決。
1433072186665,78,1082,28,289,1,與其速審速決，不如開放喪心病狂的殺人魔接受石刑，也就是，被大眾丟石頭致死。
1433072454042,79,1082,188,51,1,如果是精神病患者明確因為精神病而殺人，我願意支持以強制治療搭配終身監禁來取代死刑。
1433072605509,80,1127,125,46,1,我認為台灣人又沒邏輯又濫情
1433073687939,83,1224,214,25,1,當有重大事件發生時才會有全面性的討論，當事情過去，又只剩下廢死與反廢死的核心人物在討論。
1433073476522,81,1224,534,13,1,在我們不去討論如何預防反社會人格的出現時，就算廢除死刑還是會有殺人事件出現
1433073591796,82,1224,283,32,1,"死刑或許可以喝止殺人犯的轉念，但不能有效停止殺人者的動機。例如鄭捷就是為了求得死刑才殺人，那麼死刑在其個案就不構成喝止殺人的作用。"
1433074208743,86,1211,218,174,1,不管贊不贊成傷害或格殺加害者，都不應該把這個權力或責任交給政府
1433074325656,87,1299,333,24,1,我們應該理解殺人犯的人生，去尋找他們生命中遇到的困境，並且尋找解決方式，未來才能防範出現更多殺人犯。
1433073856255,85,1244,227,58,1,「人不可以殺人」，同意死刑則代表我們默許在滿足某種條件之下，人可以殺人。
1433073790186,84,1224,242,20,1,"很多事情不能看表面。雖然殺人者該死，但我們仍要探討反社會人格出現的原因。"
1433074805129,91,1318,162,63,1,我們需要一個比死刑更能夠有效嚇阻計畫性重大犯罪的方法。
1433074708836,88,1318,261,47,1,廢除死刑是一個值得努力的方向。
1433074757216,89,1318,195,45,1,無論死刑存在與否，都無法減少隨機殺人事件的發生。
1433074759218,90,1082,78,122,1,名偵探柯南裡的殺人者都有苦衷。現實裡或許沒有那麼多，但是一定有不得已把人殺掉的。死刑，就是這個社會，不得已，才殺掉這個人。
1433075256045,93,1,136,49,1,這句話邏輯有問題：「歐洲很多國家都廢死，沒有死刑，而台灣有死刑，今天台灣還發生這麼可怕的隨機殺人案，台灣還想廢死，真的非常危險，足以借鏡！」
1433075222659,92,1,125,61,1,這段話邏輯有問題：「宜蘭的小學都採開放校園，沒有圍牆，而台北市的校園都有圍牆，今天北投的國小發生這麼可怕的割喉案，宜蘭的小學沒有圍牆，真的也非常危險，足以借鏡！」
1433075380330,95,1367,175,63,1,廢死的配套應是無期徒刑不得假釋。
1433075422473,96,1352,200,32,1,殺人犯背後的動機或許值得探討、值得同情，但這不代表著他/她就因此可以不必為自己的惡行付出代價。因為無論如何，受害人並沒有義務為他/她的過去背負任何責任。
1433076711686,102,1432,67,92,1,追究轉型正義不可避免會對曾為威權政府殺人的個人執行死刑。
1433078717304,115,1606,86,93,1,"重點不在廢死不廢死, 而是""要為自己的行為負責""""殺人就要有被殺的覺悟""教化在負完應負的責任後才需考慮..   即使有理由, 都是等負完責任後再去考慮的!!!!"
1433075796480,100,1376,103,30,1,該題顯然假美國擁槍條件是可以移植台灣的，但事實上台灣並沒有與美國相同的歷史背景(抵抗暴政)來合理化擁槍的可能
1433075753630,98,1352,45,211,1,若是廢除死刑，那麼應該同時令被害人(家屬)對加害人報復性仇殺除罪化。
1433076432915,101,1432,35,116,1,死刑只能適用於個人，公司是法人，即使為了省錢使用有害原料導致消費者死亡，也只能罰錢。公司的董事和員工也是受害者。
1433078411833,111,1639,7,198,1,廢除死刑能夠解決隨機殺人的問題
1433079074390,118,1704,78,74,1,"殺掉殺人的人這句話以邏輯而言是不對的，並不是人人都能裁決殺人的人，而是確定殺人犯的罪則後請他伏法，如果有人可以決定殺人犯尚有教化的可能性，為什麼不能決定殺人犯不可能教化所以不應該浪費納稅人的錢？"
1433076863537,103,1432,21,235,1,死刑應該以公投、而非法官審判的方式決定。
1433076921349,104,1481,82,193,1,執行死刑是讓犯下大罪的罪犯因此懂得並尊重生命的可貴，死刑不可廢，蓄意殺人就該判死刑
1433077546669,105,1540,1,0,-1,d
1433077952741,107,1418,295,26,1,台灣社會面對罪犯的心態就是「你有病，我們社會不歡迎你，請你離開。」但問題一直都還是在。我們對社會正義的想像很廉價，因為我們還沒有足夠時間去思考背後的問題，就急著否定。
1433078167485,110,1546,46,161,1,解決隨機性侵犯，最根本的解決方案是，進行性器官摘除手術
1433078117250,108,1609,354,44,1,這兩年每年有無差別殺人，及民眾鼓吹速審速死的情境，很像古代河神獻祭的儀式，一些生命被奪走，但是沒有任何問題被解決
1433078159163,109,1541,45,136,1,如果死刑判不到高官權貴黑心商人黑道老大皇親國戚，只有辦法對變態喪心病狂殺童者判處死刑，我仍支持死刑。
1433078564597,114,1587,94,142,1,死刑並不是嚇阻隨機殺人的方式，但是不能廢除死刑。對於隨機殺人犯判死是為了保護其他人，也是給被害人家屬ㄧ個公道。
1433078466991,112,112,63,154,1,社會與法律可以決定一個人要繼續活下去或被處死
1433078542765,113,1618,221,61,1,沒有任何人可剝奪其他人的生命權
1433078913414,116,1121,213,49,1,一個社會是否有死刑，不會影響這個社會發生隨機殺人事件機率。
1433079179869,119,0,153,44,1,把隨機殺人案歸咎於推動廢死是為了個人利益在消費受害者
1433079042015,117,11,121,44,1,對於受到冤枉而被判刑的人來說，無論是被判死刑或無期徒刑，在未有機會翻案的狀況下都斷送了一生，因此主張司法不可信就應廢死對被冤枉的人來說意義不大。再者除了被誤判死刑的人之外，被誤判其他罪名的人同樣是非常痛苦的，在爭論是否廢死之前，應該先改革要司法來降低造成冤罪的可能性才是。
1433079367886,120,1606,75,123,1,"沒有人可以剝奪任何人的人權,只有自己可以, 當他自己去剝奪別人的人權時, 也喪失了自己的人權..不要和我說那群人有人權.. 在他動手的時後就已經自己捨棄掉了"
1433079588881,121,1876,47,207,1,隨機殺手是對人類有害的基因，必需將之消滅，才符合全人類的福祉。
1433079604249,122,1845,72,93,1,死刑並不是理性的，法律或許也該是理性的，但是死刑就是能夠更多的讓大家覺得釋懷
1433079849820,125,1937,1,0,-1,如果有真的無期徒刑會同意廢死嗎
1433079825652,124,1886,109,78,1,有陪審團陪審並且一致同意的制度比現在的制度更好
1433079892189,126,1886,117,63,1,隨機殺人跟恐怖主義有相似之處
1433079892807,127,1921,106,34,1,"真的覺得死刑對鄭捷這樣的人有用嗎？還是只是為了發洩自己的憤怒"
1433079980980,128,1921,109,25,1,"法律不應該是情理法法律是死的但法官是活的"
1433080645791,138,1956,234,62,1,解決社會結構問題才是根本，而死刑讓國家及社會怠於處理真正根本的問題。
1433080207132,131,1886,61,121,1,軍警擊殺恐怖份子跟對隨機殺人犯執行死刑是相似的
1433080310326,132,1886,126,23,1,如果鄭捷想自殺，他可以禁食不吃食物，或燒碳
1433080206362,130,1861,95,88,1,軍隊有殺人的能力，同時也是國家系統的必要機制。死刑也是。在特定的情況下，系統會殺死個體以保障系統的存續。
1433080401522,134,1895,71,121,1,台灣的刑罰制度若是沒有死刑也應該有類似鞭刑或凌遲等較重的處罰，讓觸法的人為自己的行為付出代價
1433080443303,135,1934,207,6,1,成熟的公民，有能力把自己的情緒化反應與應有的理性思維分開看待，這才是重點。
1433080451129,136,1950,266,32,1,我們應該更加去關注隨機殺人犯背後的動機與思想養成，而非只是希望他負上應負的刑罰。
1433080483099,137,1983,208,241,1,"雖然死刑無法遏止隨機殺人事件,但至少能保障社會大眾受害的風險,殺人犯也無任何權力可以決定他人生死"
1433079998498,129,1922,6,4,-1,沒有人能剝奪他人的生命權，但，如經確定惡意且重大之殺人犯，應於著手時喪失其權利
1433077770625,106,1546,8,4,-1,死刑的存在，有可能推動想自殺的人，去隨機殺人
1433081041413,141,1989,136,69,1,任何人包括國家都無權奪取他人生命
1433081509986,146,2222,160,63,1,人永遠都是人，也許當下他失去控制但他依舊是人，沒有任何人有權利剝奪他人作為人這個事實
1433081647711,147,749,287,74,1,死刑無助於降低隨機殺人事件
1433080857148,140,1616,267,30,1,我擔心當權者利用司法去殺人
1433080377223,133,1606,114,70,1,"即使是精神病患者, 應該該要為自己的行為來負責"
1433080845453,139,2040,30,288,1,"法院開假的嗎?這些法律人都讀死書嗎?這個年代會有冤獄?隨時都可找記者上報了,誰敢亂來?死刑有這麼好判嗎?那現形犯還有藉口嗎? 死刑怎麼會需要討論呢?"
1433081493651,144,0,100,85,1,死刑的存在，有可能推動想自殺的人，去隨機殺人。
1433081479184,143,2197,187,30,1,"無差別殺人狂的出現與死刑存在與否無關, 跟社會制度階級掠奪比較有關係"
1433082482694,163,2313,51,139,1,"之所以為「人」，便是在獸性上套上道德的項圈，掙脫此項圈者，必須被社會所隔離，以免引起模仿效應。最乾淨便宜簡便的做法，便是死刑。"
1433081477518,142,2221,64,150,1,殺人要償命
1433081509529,145,2003,118,58,1,國家可以在戰爭中殺人不代表國家可以透過死刑殺人
1433081659474,148,2219,100,97,1,我們應該要從根本解決社會的問題，避免這種殺人案件的再次發生，但也必須給犯罪者懲罰，不能廢除死刑。
1433081975712,153,749,19,145,1,慈濟志工殺人唯一死刑
1433082033242,154,2207,128,72,1,誤判跟死刑是兩回事，像鄭捷這種罪證確鑿的沒有誤判的問題。
1433081956963,152,2139,83,86,1,一個有死刑的社會，將死亡帶進社會，反而不能讓人們更珍惜生命。
1433081932763,151,2297,100,102,1,在司法體系沒有達到完美之前，國家不可以有奪人性命的權力。
1433081820134,150,2256,179,60,1,我同意廢除死刑，但是是在有完整的矯正、再社會化教育機制下。
1433081802536,149,2205,82,150,1,死刑有存在的必要，而且不能讓人玩弄，讓明顯傷天害理的人能夠感受被害者的痛，純想自殺的人也不知道什麼時候才可以死亡
1433082074350,155,749,1,0,-1,趙藤雄應判死刑
1433082129259,156,2327,59,24,1,"人類的智慧如果不追求文明，智慧就一點意義也沒有。而面對自我毀滅的隨機殺人犯，社會有足夠的文明辨識所有的受害者嗎?"
1433082145026,157,2222,227,7,1,死刑存廢雙方只是有不同看待問題的觀點，但不該是彼此的敵人
1433082274336,159,2139,22,254,1,死刑一定可以減少隨機殺人事件
1433082248017,158,749,109,56,1,巨蛋建造危及捷運安全如同車廂內隨機殺人令人恐懼
1433082347723,161,749,90,79,1,食品安全問題危及國人健康與隨機殺人影響相當，刑度應比照死刑
1433082281617,160,1875,50,154,1,"如果沒有死刑,請制定極刑並且公開行刑,正風氣並且殺雞儆猴這樣可以預防隨機殺人事件的發生"
1433082620593,164,2282,242,21,1,應該探討的是社會制度與加害者的生者背景的關係，而不是只想藉由死刑直接除掉「麻煩」
1433082412764,162,749,87,129,1,酒駕如同隨機殺人，應比照死刑刑度。
1433082832709,165,2301,255,4,1,不管是否執行死刑，都要有良好的機制系統解決會遇到的問題
1433083169938,166,2246,168,30,1,廢死與否一點都不重要，真正應該關心的是我們的社會，我們的教育出了什麼問題。一個人要多麼的絕望憤怒，才能如此的痛下殺手，如果我們不去探究背後的原因，一味的以暴制暴，那問題終究還是存在。
1433083309026,167,2475,120,62,1,"隨機殺人事件的產生應該從社會基礎層面的問題來探討,並非簡單個案問題,但死刑在目前台灣假釋制度鬆散的情況下仍有其存在的必要"
1433085000497,172,2629,78,132,1,殺了犯人太浪費，可以把它的器官捐贈，或者做藥物實驗。
1433084924069,171,2635,193,16,1,無論死刑存在與否，會有一些特定人士是不在乎的。所以與其談論死刑存廢，不如探討社會結構或文化是如何影響這些隨機殺人者，並且未來可以如何降低。
1433085238086,174,0,204,2,1,"使用這個平台，是一個良好的機制來了解不同立場的想法"
1433085042644,173,2584,149,33,1,殺人，取決於殺人者當下的精神狀態與價值觀，幾乎沒有人與生俱來就具有殺人的嗜好，受後天的影響或是某些情勢所迫的機率確實較大。依據法律去判刑是對的；但似乎還是得取決於殺人者對他們的所做所為有何種看法，再決定是否執行死刑較為洽當，果斷的認為非得死刑不可，或許不太合理。
1433085337745,175,2721,195,60,1,沒有任何人可以決定另一個人的死亡
1433085431806,176,2574,116,70,1,"任何人都沒有""權力""剝奪別人的生命，即便是對殺人犯亦然，因此也不可能授權政府殺人。殺人若不是犯罪，就是無法選擇的自衛行為或意外，不應該將之合法。"
1433085798444,179,2760,52,151,1,以牙還牙，以眼還眼。單純因為奪走他人生命而該接受死刑。
1433085683004,178,2627,157,40,1,"""避免錯殺任何一個被冤枉的收害者""，比""不放過每個該處死刑的罪犯(e.g.主動惡意殺人)""重要"
1433085556771,177,2727,36,109,1,受害者或受害者家屬應該被付予這個權利
1433085944605,180,2706,155,58,1,死刑是對加害者犯錯的懲罰，而不是對被害者或任何人的補償。
1433087015580,192,1142,74,110,1,隨機殺人事件顯露社會機制的缺失，養出這樣的隨機殺人犯，他的家人、同事、朋友應該有連帶責任。
1433086183405,181,2554,196,13,1,不要讓死刑成為威權統治的工具
1433086614968,187,1276,170,39,1,沒有配套措施下（不可假釋的無期徒刑、司法改革、陪審員制、社會問題改革、經濟改革、教育改革等 )，斷然廢除死刑或延緩槍決，只會造成更大的社會憤怒反撲引發更多社會問題。
1433087520487,199,1276,112,43,1,以癌細胞為例，先分良性、惡性。再依病況選擇化學治療、開刀切除或安寧治療。若能將惡性腫瘤控制成良性或逆轉回一般細胞當然很好，但在此之前，不應刪除化療與開刀的選項或拒絕執行。
1433087018661,193,2756,66,170,1,廢除死刑後，殺人的可能性會提高
1433086926993,191,34,119,20,1,1+1=2
1433087058400,194,2774,86,71,1,冤不冤，錯不錯判，問題在下判決的人，而非法本身。再重的超速及酒駕罰則亦不能完成遏止超速及酒駕，能因此而說這些法條無用而廢止嗎？！
1433086577449,186,2842,163,48,1,死刑與其他刑罰都可能誤判，但該否廢止的根本差別在於冤獄能否有機會挽回
1433086884047,190,1276,81,65,1,生命無價、天賦人權只是假議題。當討論問題時將核心放在不可量化證明且自由心證的論點上，無法取得共識，即使有也是假共識。
1433086543305,185,2777,43,188,1,一個人因為殺害別人，就自動失去了生存的價值。
1433086422710,184,2780,1,0,-1,中華民國國民智商嚴重不足，應全面槍決可也
1433086761999,189,2777,164,55,1,不能因為一個人殺害了別人，所以他並不是社會所能容忍的人，進而否定其生存價值。
1433086383602,183,2756,86,112,1,撇開可能冤獄誤判、特殊原因的問題而言，對於其有意識的主動去殺人、承認罪行的人，應判處死刑。
1433086339264,182,2796,164,36,1,"廢除死刑的過程是「動態」具時間性，1. 短期保留死刑，有確切證據、符合程序時，依照既有法律執行死刑；2. 中期應該名義上保留「死刑」並但慎用死刑（實質廢死）；3. 長期則完全捨棄死刑。而短長期的定義，有待於透過溝通、教育等方式逐步凝聚共識。"
1433087153689,195,1276,99,73,1,死刑也許不文明，但文明是需要逐步演進的。硬套樣板式的強制升級，反會造成霧社事件的重演。『如果文明是要我們卑躬屈膝， 那我們就讓他們看見野蠻的嬌傲。』。而且這也違反民主。
1433087378597,197,2779,176,58,1,死刑不可逆轉、不可挽回、不可補償。因此，一個「不造成死刑，卻能永久有效將受刑人與社會隔離」的監禁制度，是社會必須面對與承擔的，不能將此稱之為「浪費錢養這些人」。
1433086661353,188,2796,182,23,1,死刑的存廢不會杜絕任何慘案，執行死刑只是慘案的果不是因，應該從其他面相解決問題，從因下手。
1433087536870,200,2779,127,30,1,冤案時常發生，刑度至死的不多而已。而沒有哪個冤案（包括涉及死刑的冤案）在發生的時候，「社會期待」不是認為「罪證確鑿，死有餘辜」……
1433087445922,198,2910,83,93,1,殺害無反抗能力的孩童應處極刑
1433087331528,196,2779,179,18,1,人不是神，不是拉普拉斯妖，就不可能知道所有事情的真相。無論制度如何完善，在科技不允許的情形下，都不可能避免冤案。
1433087629841,202,2842,197,33,1,死刑廢除議題之所以重要，是因為當其被濫用時所產生的傷害無法挽回，我們不相信國家、司法，但卻能夠容忍其掌有生殺大權，實在矛盾
1433087628581,201,2910,21,196,1,支持死刑的人，都是偏激而盲目，沒有判斷能力的人。
1433087811593,203,1276,74,135,1,死刑無法解決隨機殺人事件，但可以降低隨機殺人事件與其後的模仿效應發生的機會。
1433087919985,204,2779,165,29,1,法官也是人，不想被當恐龍水母，有「社會期待」、「社會共識」壓著，就有可能變成「刁民斷案」。
1433088297570,208,749,36,141,1,廢除死刑會能讓有錢人更關注社會邊緣人，減低社會貧富不均。
1433087949899,205,2779,164,73,1,任何人、團體或國家，都沒有資格及權力處置人命。
1433088039335,206,2779,146,52,1,統計上，很難證明死刑對遏止犯罪的用處，但其副作用卻很明顯。
1433088096315,207,2779,135,77,1,既然技術上無法百分之百避免冤案，我就「不敢支持」死刑。
1433088919853,213,2887,207,25,1,死刑存廢佔據太多輿論的注意力。我們應該花更多的心思在犯罪的預防和受衝擊的人的輔導。
1433088853306,212,749,73,165,1,殺人償命天經地義
1433088550125,209,2978,148,70,1,如果要廢除死刑，要確定無期徒刑不可假釋，而刑期中所有費用應該由犯罪者負擔
1433089194216,217,749,116,51,1,我有殺人的能力
1433089040164,215,3017,102,68,1,主張死刑者認為死刑可以讓殺人犯付出同等代價，但現行的死刑執行卻是以造成殺人犯最小痛苦為原則，但是殺人犯造成的權利損害無法估算，用槍決死刑不足以讓犯人體驗殺人之罪對應的代價，應以「終生勞動、終生監禁、終生矯正之刑罰」，造成殺人犯極盡可能之痛苦，使其體會殺人罪責之重。
1433088829201,211,3002,150,46,1,鄭捷和割喉者都是一心求死的人，你判死刑他們開心都來不急了，死刑的存廢一點都不重要，問題是怎麼讓社會運作去減少這種人的產生。生病的人就殺掉，對於讓人生病的環境置之不理，殺再多人也不會解決問題的。
1433089003263,214,749,45,84,1,我支持法家思想
1433088565765,210,749,139,67,1,隨機殺人反映政府失能，與死刑是兩回事。
1433089360905,219,749,17,184,1,殺手應合法化
1433089103322,216,749,115,64,1,我有可能殺人
1433089216605,218,749,111,53,1,我有可能殺人。
1433090200263,225,2887,234,15,1,監獄的管理方式和感化教育的方針應該有更多揭露，以助於死刑存廢的討論。
1433089556234,220,749,91,84,1,台灣社會目前不動蕩，沒有內戰或流血暴動。
1433134371777,297,4488,1,0,0,"人必須清楚認知,生命有相同價值,殺人者要有被殺的覺悟,"
1433089929685,223,2887,219,6,1,監獄管理的方法以及感化教育的方針應該更被揭露，以助於對死刑存廢的討論。
1433089701532,221,2779,158,55,1,"不考慮「有立即性危險」之現行犯、對外戰爭等特殊情形。僅論刑罰，我們不應該賦予政府合法殺人的權力。"
1433090066124,224,749,12,191,1,醫生因醫療糾紛被宣判賠償5000萬，被告無法償還可以選擇改為死刑。
1433090210552,226,749,36,135,1,某位醫生開刀的死亡率劇烈增加時，可被懷疑為隨機殺人。檢察官可以介入起訴。
1433090388957,227,3124,63,162,1,"死刑，不是預防犯罪。死刑，是國家給予的僅存正義。我支持死刑，不是我不給予寬恕。我支持死刑，是因為我信仰正義。"
1433091799655,230,3136,26,138,1,看到網路上大家義憤填膺時，我也人神共憤
1433091711144,228,3160,117,49,1,"誰願意自己或所愛的人去當那個被錯殺的人，你就有資格大聲支持殺一儆百更何況當權者濫用法律故意殺的都不知凡幾，更何況錯殺"
1433091764290,229,3097,179,15,1,"政府在【對被害者補償】以及【修復式正義】上，作為並不積極（修復式正義著重在：悲劇錯誤發生了，我們還能做什麽？ 相反的就是：報復式正義-- 他砍你是嗎？好，我們來砍他）"
1433091994608,231,3097,237,10,1,政府會利用死刑的執行，來影響當時的政治輿論走向
1433092387349,232,2999,200,23,1,政府會利用死刑犯的處決執行，影響當時的政治輿論走向
1433093841225,236,3291,116,94,1,死刑很明顯是不合時宜的，也違反憲法所保障的生命權。
1433093551534,234,2999,213,24,1,"比起 【以眼還眼】，我認為：想辦法找出原因預防犯罪、安慰修復被害人家屬的心理與實質損傷的 【修復式正義】 更加重要"
1433093575252,235,3229,178,46,1,我們應該探討為何會有像是龔重安這種反社會的人出現，而不是探討死刑存廢。
1433093427221,233,3252,131,80,1,死刑是給罪大惡極者應有的懲罰，跟隨機殺人是否能被遏止是兩件不同的事情。
1433094065240,237,3142,92,137,1,人有生存的權利，我們無權論定他人生死; 但殺人的行為侵犯了他人的生存權，因此應當認定為主動放棄了自己的權利。
1433094217142,238,3271,114,65,1,我心中真正的正義是，殺人的加害人應該活著、盡一切可能去彌補被害人對於社會的存在意義(不論是情感或物質層面)；死刑完全違背這樣的觀點。
1433094430254,239,3291,73,55,1,媽媽的，明明死刑就沒屁用，難道會隨機殺人的人不知道自己會被判死刑嗎？一對人在那邊嘰嘰叫
1433095385776,240,3271,131,32,1,"殺人償命不是天經地義；如果是的話，我們不知該如何面對判出死刑冤案的法官和公權力。如果是的話，我們不知該如何對待被收害者寬恕也沒被判死的殺人犯。"
1433095795547,244,3373,167,33,1,"除了死刑之外，可以希望法官判「終身監禁不得假釋，勞動服務所得需要賠償給受害家屬」，如此可以為社會整體帶來更大效益"
1433095767481,243,3364,157,41,1,執行死刑的前提是要司法獨立公正
1433134633232,301,4669,71,49,1,我無法接受人殺人，更無法接受國家殺人，而死刑就是將生命權讓渡給國家機器。
1433095619985,241,3347,144,32,1,"個人認為，""目前""，就單一的犯罪事實來說(如劉小妹妹遭割喉案)，死刑/廢死為假議題，因為現行法律尚未更改，法院也尚未審判。"
1433095712616,242,3373,100,94,1,堅持死刑會讓整個社會氛圍偏向激進暴力的氣氛
1433097978539,251,3364,80,87,1,罪證確鑿、犯罪情節嚴重、並無悔過之意者該處以死刑。
1433096797418,247,3347,109,54,1,任何法律經由濫用皆有可能造成無法逆轉的傷害，冤案不只限於死刑，任何徒刑乃至於民法行政法上的處理等皆然，不能因死刑其法經濫用會造成不可逆轉之後果為廢除死刑之必要條件(但因其嚴重度太高，可為相對考慮條件)。
1433095876636,245,3347,70,101,1,犯罪為超越一般公理公義的行為，因此乃賦予國家法律以超越公理公義的手段來制裁之；重罪犯(若真的罪大惡極)之於死刑亦然。
1433097635420,249,3364,141,29,1,廢死與否不是重點，司法執行是否公正才是先決要素
1433097588017,248,3429,167,29,1,隨機殺人事件與整體環境有關，並非單純是個人因素，以個人生死探討失公道
1433096321769,246,3347,76,53,1,"就不可逆不可返還不可逆轉此一條件中，在監獄中所消耗掉的歲月亦然，不應因""死刑不可逆轉""來以此為廢除死刑之必要條件。若如是，則冤案判決後於監獄中所花費之時間亦不能僅只用國家賠償來處理。"
1433099530902,259,3347,122,26,1,依台灣之倫理道德社會自有規範等，若民眾於類似事件沒有情緒，則台灣社會才真的可怕；但有情緒不代表法律上的必然結果，另一方面講法律也不能完全只依循法理而不顧社會民情。
1433098612861,257,3483,61,130,1,死刑是可以達成「社會正義」的手段
1433098650964,258,3483,57,70,1,政府用政策把人逼死，可以不用判死刑，因為沒有自己動手的，比較高明。
1433098574354,255,3483,156,6,1,當我們想要尋求體制內的解決方式，首先得要確認的是：我們有一個好的體制嗎？一個能夠有效解決問題的體制嗎？
1433098457324,254,3364,114,25,1,當犯罪者因隨機殺人而被判死刑，假釋出獄後有可能會危害大眾。
1433098596469,256,3483,131,18,1,死刑只能是「手段」，而不能是「目的」。
1433098348281,253,3364,126,37,1,我覺得放任判死刑者假釋出獄是可能危害社會大眾的一件事。
1433098289143,252,3347,76,63,1,法律者，基本上即是觸犯到什麼條件應受怎樣的刑罰，則觸犯的條件達到執行死刑的地步則判處且執行死刑，有其合理性。當法律已經將條件設立好時，再去觸犯者則視為放棄相關權益，則接受審判與制裁，這是法律的基本原理，應無其他疑問，死刑與這樣的條件下應亦然。
1433134434588,298,4488,1,0,0,"殘酷殺人應當接受更殘酷的刑罰,"
1433153362051,379,6066,1,0,0,死刑犯的家人也是死刑的受害人。
1433099651142,260,3159,143,32,1,面對隨機殺人事件，比起試圖靠刑罰打造一個沒有重刑犯的世界，更重要的應該是去教會每一個人如何從傷痛中站起來。
1433119634335,271,2756,180,7,1,找出殺人犯的背景與原因，以及安撫被害人家屬這些事情，與殺人必須承擔刑罰責任並不衝突，當他服刑以後，我們一樣要去找出原因改善環境
1433118072217,269,3440,170,21,1,人們對復仇的渴望是可以透過教育、媒體報導逐步製造出來的
1433117703744,268,3788,170,12,1,死刑可能造成他人的冤獄，例如徐自強案、蘇建和案。
1433113159331,267,3081,142,20,1,"很多人強調或總是爭論著隨機殺人犯的背後因素,認為與其處以刑罰還不如探討背後原因,才可有效避免類似悲劇再次發生…但我認為其實犯罪後的懲罰與處置和事前的預防一樣重要,不應僅著眼於其中一樣，兩者皆不能偏廢才是。"
1433112682228,266,3605,72,41,1,「不管贊不贊成傷害或格殺加害者，都不應該把這個權力或責任交給政府」問題具有引導性，應更具體陳述一個statement，再來詢問受訪者同意與否。例如，你是否同意台灣(中華民國)政府不具有對加害人執行死刑的法律權力?
1433110932543,265,3578,8,159,1,"我相信台灣司法的公正性也相信台灣沒有恐龍法官更相信台灣恐龍法官判出來的死刑是絕對沒有問題的"
1433101426236,264,3527,173,19,1,死刑的存廢跟隨機殺人的發生是兩件不同的事情
1433100958868,263,3527,94,46,1,"我認為犯罪者若是完全不明白不認同也不承認現在他做的事是一件多麼嚴重的犯罪事件那麼死刑沒有意義死刑 ,但他們要確實的知道自己""到底是做了什麼"""
1433099807601,261,3504,41,118,1,殺人者必須償命…如果沒有嚴格的法律約束，就會造成更多無辜者的痛苦和悲劇……現在的社會到底是怎麼啦？
1433099900978,262,3159,125,56,1,當一個人殘害了其他人的生命，意味著他否決了任何人都不應該剝奪其他人生命的價值觀，但不代表國家或著其他人就可以因此而殺害此人
1433097673225,250,3347,99,58,1,死刑存廢與否，必須考慮民風、社會結構、基本道德論理等因素，援引國外案例或做法並不一定適合台灣。同時鼓勵從古老中國的倫理角度上重新出發審視廢死與人權的意義，不要只是從國外的人權理念上著手引入。
1433118206855,270,2887,168,23,1,執行死刑可能造成其他人的冤案死無對證，例如徐自強案、蘇建和案。
1433123712716,272,3986,82,66,1,一心求死他們現在就不會還活著了
1433125265425,274,4061,35,113,1,我認為對於隨機殺人的罪犯，極刑應該是去除對其的法律保障後飭回社會。
1433124287382,273,3992,71,79,1,"對於誤判死刑的問題就邏輯上而言應檢討執法人員的大腦是否有洞而非檢討死刑的存廢另外死刑確實無法完全抑制無差別殺人事件的發生機率但仍然有其存在的必要"
1433126346601,275,4064,100,35,1,死刑可恥的是她被當成是遮羞布。
1433127927016,277,4142,127,19,1,我遇過一名因殺人販毒受刑16年的青年，因為他沒被處死，才有機會在鄉里去做志工服務。罪不需要帶著這麼久，如果人已經放下屠刀。但面對罪大惡極者，可能真的需要很長的時間，社會才能淡忘，本身才能有重新做人的力量。
1433127771999,276,4142,84,58,1,"讓犯罪者死亡並不能平衡什麼。一個人要活著，才能面對教誨、改進、責難與責任。處死是快的，但活著，且被治癒，洗心革面，那才是圓滿的。"
1433130147562,278,4264,100,38,1,"死刑這個刑種必須被廢止，並非無視罪與刑的平等關係（犯罪是對他人自由權利的否定，刑罰則是「對這種否定的否定」），而是文明的限制：　（1）對同態報復（以眼還眼，以牙還牙）刑罰邏輯的限制——文明的律法是以類比的方式（金錢賠償或拘禁、勞役）來否定犯罪。　（2）對國家越權的限制——自然人經契約讓渡出部分個人自由以形成國家權力，並不包括生命權。"
1433131319224,283,4358,77,49,1,"我認為廢除死刑能有效降低""為了求死而犯下重刑""罪犯的犯罪意願，支持廢死，殺人(重刑)犯終身監禁，服勞役回饋社會，並不得假釋。"
1433131308590,282,4320,136,41,1,廢除死刑的前提是完整的配套措施，此配套措施的最低底限為永遠阻止該犯人再犯可能之刑罰，例如終身監禁不得假釋。
1433131693334,286,4411,119,37,1,社會的不安定及缺乏關懷包容，才是隨機殺人增加的主因，是陷入反社會人格對社會的報復行動，死刑無法嚇阻他們，反而變成一種光榮的儀式
1433131714853,287,4436,1,0,-1,有必要
1433131212307,281,4320,106,53,1,廢除死刑不是為了保障犯人人權，而是為了避免司法誤判造成不可逆的刑罰發生。
1433131153653,280,749,47,115,1,我有殺人能力，法律也要也要有殺人權力。
1433131107154,279,749,135,12,1,我有殺人能力，但沒有殺人權力。
1433131626694,285,4406,112,41,1,我反對死刑，但支持提高假釋條件並認為囚禁重犯的支出在避免公權力失誤的衡量下是值得的。
1433132481220,288,4489,57,80,1,"如果一個人不尊重別人的人權那麼這個人沒有資格獲得人權"
1433132664630,292,4513,80,18,1,"爭吵廢死不如先大改革台灣敗壞的法律與警察體系的爛"
1433132612434,291,4488,74,31,1,"麻煩先搞定配套措施再來談廢死"
1433132587852,290,4488,51,60,1,"因為無法阻止殺人犯殺人,所以就阻止國家殺殺人犯,這是錯的"
1433132692601,293,4488,82,9,1,"司法制度應對判決負責,誤判要究責,累犯假釋要究責,"
1433135297089,308,4488,1,0,0,不殺也可能造成更多人被殺
1433134161393,294,4616,100,10,1,我們應該要了解凶殺案當事人能夠做出的選擇，才能適切地做出道德判斷。
1433137511852,327,4488,37,68,1,"我最貴重的東西是生命,我願意用我最貴重的東西為我所愛的人復仇"
1433134513420,299,4488,1,0,0,"要有完善的制度,才能考慮廢死台灣目前是做不到"
1433134623837,300,4488,1,0,0,"誤判會造成冤案,誤殺誤判也會有縱放,累犯"
1433134665042,302,4488,1,0,0,"法官只是人,需要有制度監督犯錯就需要付出代價"
1433134705262,303,4669,1,0,0,"死刑無法解決任何問題!當國家無能解決社會問題，將一切責任推諉給死刑太不負責任!"
1433134898678,304,4488,1,0,0,"有人說:不可能沒有冤案誤判,所以不支持死刑那不可能不跌倒,所以不走路了"
1433135294053,307,4693,1,0,0,死刑雖無法遏止犯罪，但卻是公理正義的一種呈現方式。
1433135615018,309,4488,1,0,0,"如果死刑廢除那就要有能替代的處罰方式監獄度假式的剝奪自由是不夠的"
1433135660888,310,4716,1,0,0,"想殺人就自己殺不要叫政府動手還說是正義"
1433135698606,311,4488,1,0,0,"冤獄誤判都要有人負責不是全民賠錢就了事"
1433135854854,313,4488,1,0,0,"對於隨機殺人&殺害多人,單純的槍斃是不夠的,這就是為何需要絞刑及其他更有威嚇性的死刑"
1433136060177,314,4488,1,0,0,"常說可以教化?所以說因為教化失敗率比誤判死刑率更高所以應該要廢除教化吧"
1433137255441,325,4929,1,0,0,支持死刑不是因為可以嚇阻犯罪，而是因為可以給被害者家屬一個交代。
1433135848429,312,4716,50,62,1,"想殺人就自己去不要叫政府殺人還說是正義"
1433134184399,296,4597,35,69,1,我支持鞭刑！
1433134177098,295,4488,7,74,1,"信仰宇宙大覺者,誦念宇宙大覺者,獻奉宇宙大覺者,尊崇宇宙大覺者,即無隨機殺人事件,"
1433136260568,315,4488,1,0,0,"即使不立即判決或執行死刑也不該讓犯人單純在監獄度假,"
1433136312662,316,4488,1,0,0,"要讓人相信監獄生活比死還恐怖這樣才能廢死"
1433136398967,317,4764,1,0,0,"死刑是個經濟實惠的選項,相較於終生監禁來說."
1433136532678,318,4488,1,0,0,"如果判死刑太沉重建議執行其他方式去除手腳,五感,失明,失聰,等"
1433136674184,320,4411,1,0,0,"除了討論死刑存廢和隨機殺人的關係之外更應該要重視心理𨍭導資源的普及化及建立求救的習慣"
1433136784782,321,4488,1,0,0,"廢死可以討論,但在那之前請執行死刑,不然也不需討論,"
1433137334253,326,4488,1,0,0,"要給受害者家屬復仇的機會假如不願原諒,能否以一命換一命,"
1433138426791,333,4988,1,0,0,"隨機殺人事件不是死刑、廢死的問題，死刑在台灣從沒消失過，刑罰卻從來也沒辦法治療社會的病。這是社會生病了。如果咳嗽，你會先亂吃藥（討論死刑、廢死問題），還是先找出問題？（為什麼會隨機殺人）"
1433139544885,338,5130,52,92,1,我在理性上支持廢死，感性上支持死刑。
1433136566856,319,4792,117,22,1,假設死刑的執行可以嚇阻犯罪，那台灣為何在現今尚有隨機殺人事件。與其談論刑度高低，不如檢討這個犯罪情狀是否可以避免或是教育上需要多加努力。
1433136872043,322,4488,28,120,1,"以終身癱瘓(長期注射藥劑),來替代死刑我可以接受"
1433137132968,323,4488,83,46,1,"法律是威嚇是處罰監禁不要變成度假聊天,"
1433140913262,344,5178,31,79,1,廢死聯盟不要顛倒是非好嗎，如果說~有死刑，還是會有隨機殺人事件，就該廢死，若觀點成立，那麼不管法律定多嚴格，一定還是有人會犯法，我們就要把法律全廢掉嗎？法律精神在嚇阻，無法制止好嗎？大刀不斬無罪之人，每人都要為自己行為負責，殺人就該死，就該為自己負責，這才叫公平正義，如果罪犯只要在法庭上真心說對不起，就可無罪釋放不用負責，那麼六法全書全拿去燒掉吧~全民都去互殺，物競天擇適者生存，人人都當畜生吧！
1433137215020,324,4488,90,7,1,"終身監禁勞動都可以,請先把獄政搞好,並且讓人民信服"
1433137684372,328,4973,150,2,1,無論廢死與否，不應該用詆毀字句對待不同觀點的另一方。
1433137836859,329,4488,72,56,1,"統計上很難證明廢除死刑對社會的益處但其弊端卻很明顯,"
1433138038932,330,4488,1,0,0,"在許多的先決條件&制度未完善前我不支持廢除死刑,除非有更嚴厲的替代方式"
1433138159992,331,4488,1,0,0,"我相信有一天,人類會廢除死刑但不是現在"
1433138338755,332,4232,1,0,0,廢除死刑不等於完全沒有刑罰，僅是在各種刑罰中減少了這種無法回復與補償的選項
1433138774470,334,5035,1,0,0,"死刑從來都不是解決問題的方式, 是這類兇殘殺人者的代價, 請大家記住, 別掉入廢死所挖""死刑不能解決問題云云""的陷阱, 才不會被他們拖著鼻子走"
1433139247027,336,4488,1,0,0,"老說廢死,其它什麼都沒做無法讓我信任"
1433139581624,339,4488,1,0,0,"任何人都可以評論他人有無生存的價值,任何人也可以選擇接受與否,"
1433140150635,340,5029,1,0,0,隨機殺人事件的加害者，是主流意識/制度結構下的受害者/邊緣人；不積極反省主流意志/制度結構的問題，隨機殺人事件只會不斷爆發，而且將越演越烈。
1433140225073,342,5029,1,0,0,隨機殺人事件加害者是主流意識/制度結構下的受害者/邊緣人；不積極反省結構性的問題，隨機殺人事件只會不斷爆發，而且將越演越烈。
1433147137205,352,5200,145,21,1,發生隨機殺人事件，社會有共同責任
1433144368842,351,5532,65,102,1,知道「這麼做會被判死刑」的話，至少犯罪率會下降或犯行較輕微。
1433151448437,359,5955,1,0,0,如果不信任政府司法與公權力，那不應該把殺人權力交給公權力執行
1433149283278,353,5783,1,0,-1,要看殺人的動機為何
1433143791342,350,5475,41,128,1,死刑用來殺雞儆猴再好不過了...法律如果再沒有任何作為...以後可能還會有更多無辜的人白白犧牲生命葬送在這些殺人犯手中!!!
1433143485774,349,5475,1,0,-1,死刑用來殺雞儆猴再好不過了...法律再沒有任何作為...只會讓更多無辜的人白白犧牲生命葬送在這些殺人犯手中!
1433143471330,348,5142,61,82,1,"死刑從來都不是解決問題的方法, 死刑是兇殘殺人者的代價, 別被廢死引導到他們所設定的限阱"
1433141907679,347,5381,104,47,1,每個人都應該要有重來的機會
1433141899360,346,5381,1,0,-1,每個都應該要有重來的機會
1433141777818,345,4885,30,103,1,在死刑合法的條件下，我願意親手處決死刑犯。
1433150133265,354,5559,1,0,0,"撇開誤判跟教化的可能性，死刑的確是可以斬斷殺人犯再度犯案，但卻也會帶來問題已解決的危險假象。因為不管執行幾個死刑，那部把一個天真無邪地來到這世界的生命，轉化成殺人犯的機器，在暗地裡還是繼續運作著，繼續製造許許多多的鄭捷或龔重安。治本絕對比治標重要（但不代表不用治標），要追尋這個""本""的脈絡，殺人犯本身是唯一的線索。"
1433151166340,357,5912,1,0,0,隨機殺人事件與死刑存廢不應該扯上關係，那是兩碼子事。硬是牽扯在一起，不過只是要找迅速解決的方法…但凡是要求迅速解決的，很有可能就有更大的後遺症。現今更急迫的，應當是如何讓每個人都有希望…別讓人在負面思想中沉淪。
1433151469844,360,5945,1,0,0,死刑的執行是一種社會情緒的宣洩。
1433151514878,361,5955,1,0,0,由人組成的系統與權力結構，就有失控甚至為私用的可能，所以不該把過多權力交付它
1433152092008,362,5142,1,0,0,"死刑與解答什麼鬼的都沒關係, 他很簡單就是兇殘殺人者的果報"
1433152267331,363,5955,1,0,0,推動廢死與支持理念的族群，除了公平正義外，更在意的是制度面與系統面的問題
1433152399344,365,5955,1,0,0,台灣人過於仰賴媒體所提供的偏頗資訊與標籤，怠於思考與公開討論背後成因與如何防止再次發生
1433152542121,368,5955,1,0,0,廢除死刑不代表不需付出代價，而是積極避免誤判而導致不可恢復的過錯
1433152635691,369,5955,1,0,0,廢除死刑不代表每個人都會去殺人，也不代表犯罪不需要付出代價
1433152698594,370,5955,1,0,0,支持死刑者對廢死者的批評常流於辱罵與詛咒等不堪字眼
1433152727840,371,6147,1,0,0,死刑不是用來解決「連續殺人犯」問題的，就像小偷坐牢不是為了解決「偷竊」問題，而是讓偷竊的人負應該負的責任。
1433152789629,372,5955,1,0,0,台灣人不信任司法卻又願意將殺人權力交付，是一種無法理解的怪異現象
1433152469091,366,6131,73,52,1,如果監獄不是白吃白喝 可以減少隨機殺人以求入獄的事件
1433152314869,364,5989,59,37,1,死刑的嚇阻力沒有比終身監禁高
1433140339463,343,5216,30,117,1,殺人者償命，天經地義。罪證確鑿還要教化什麼呢？
1433140162346,341,5029,110,13,1,隨機殺人事件的加害者，是主流意識/制度結構下的受害者/邊緣人；不積極反省主流意識/制度結構的問題，隨機殺人事件只會不斷爆發，而且將越演越烈。
1433150445261,355,5878,14,107,1,我願意在我家的社區中建造一個公開死刑執行地點/場所。
1433150520261,356,5878,33,64,1,我願意住在死刑執行地點的社區當中。
1433151417471,358,5946,42,104,1,殺人償命是天經地義的事情。
1433152986722,373,6042,44,62,1,台灣不適合廢除死刑。
1433153030848,374,5955,1,0,0,政府將執行死刑作為轉移輿論的作為，讓我更不願意將殺人權力交付給它
1433153112339,375,5955,1,0,0,為了積極避免公權力失控與失誤造成不可逆的悲劇，我願意忍受無差別殺人犯能苟活於獄中不能離開
1433153156417,376,6239,1,0,0,"終身監禁！你們以為不用錢嗎？憑什麼要用納稅人的錢養敗類?請廢死聯盟自己帶回家養謝謝"
1433153230444,377,5955,1,0,0,任何人都有可能變成制度上的弱者，而我們需要做的是協助，而非漠視等到事件發生再給予抹殺
1433153348805,378,6239,1,0,0,"廢死是不該只有重大案件發生時才討論,因為廢死根本沒討論的必要性!你們的家人被殘忍的殺害,還可以沉著的說廢死,再來談!"
1433153407741,381,5955,1,0,0,台灣社會對弱勢者展現的嚴厲，與對上位擁有權力者犯罪的寬容是一個矛盾而悲哀的現象
1433153523421,383,6042,1,0,0,"""隨機殺人""只是報復社會的一種手段,執不執行死刑對這類犯罪者的犯案動機其實沒有影響。"
1433153590445,386,6066,103,27,1,越了解司法實務運作狀況，越難支持死刑。
1433157911798,394,5637,9,111,1,中文打錯字應處死刑
1433153979109,392,6372,40,38,1,醫學上，有些人會因先天或後天大腦前額葉萎縮而無法控制或壓抑行為，加上有些人基因上天生是純惡，所以再犯機率非常高，只是台灣法律未能跟上醫學研究，像美國在 1930 年其實已經有是否切除罪犯大腦前額葉的討論與實驗，約四萬病例左右的實施。
1433156134753,393,6605,72,55,1,死刑執行與殺人是不同的兩回事
1433153735809,389,6066,91,24,1,每個人生命的重量都是一樣的，縱使是做惡的人也一樣。
1433153795408,390,6066,120,33,1,沒有人有權力決定另一個人「沒有價值活在這世界上。」
1433135165646,306,4488,37,55,1,大俠都是殺人犯
1433132562089,289,4065,73,57,1,"""司法的公正性""與""死刑存廢""是獨立事件."
1433158052861,395,5637,1,0,0,能用刑法奪走犯人的生命，同樣也能用刑法奪走犯人的財產
1433153917602,391,6066,85,41,1,台灣因為沒有轉型正義，人民才會對國家握有生殺大權覺得理所當然。
1433153690211,388,5955,75,49,1,我不在乎人權之類的長篇大論，廢死純粹因為我不信任公權力與台灣社會集體弱智的判斷能力，所以不願將殺人權力交付給它
1433153599116,387,6239,16,41,1,"都說了,廢死根本不是什麼時間討論的問題,而是不需要討論,這題根本就是使人按下同意,因為前半段是對的,而跟後半段完全無關"
1433153527947,384,6143,65,49,1,死刑絕對無法防止犯罪，因為死刑本來就不是防止犯罪，而是處罰犯罪的人，依所犯的刑責就要接受相對的處罰，這不就是法律規定犯罪要受刑責的用意嗎，當然死刑是最嚴厲的處罰，大家不要再說死刑的用意是在防止犯罪，這樣會讓廢死聯盟扭曲死刑的用意
1433153528319,385,6066,88,36,1,會不會被判處死刑，跟加害人的階級很有關係。
1433153461113,382,6066,97,49,1,國家不應有殺人的權力。
1433153392049,380,6197,84,50,1,在死刑存在的情況下，社會會忽略解決犯罪背後的社會問題，所以死刑是阻擋社會正視社會問題的黑幕
1433152475108,367,5955,103,19,1,台灣人習慣欺凌弱勢，將過錯歸咎於單一個人，沒有能力向上檢討制度、系統，也不敢要求當權者應負的責任
1433161549938,399,7308,1,0,0,台灣的死刑判而不行，等到政府聲望低落時才用處死死囚換取人民的激情與支持。當用一群人命被當成政治籌碼收買人心的時候，我無法接受將「死刑」這種權力交給政府。
1433159774757,398,7035,59,45,1,死刑的執行跟思考社會為什麼會出現殺人犯是兩回事，殺人毫無悔意就是應該讓他意識到有判處死刑之可能，這和努力使社會更文明，減少殺人案件是可以並行的。
1433158992887,397,5637,39,64,1,刑法可奪去殺人者的生命，也可奪去殺人者的財產
1433158260102,396,5637,68,36,1,散播殺人的意念，容易促使別人從事殺人的行為
1433162026171,403,7308,87,31,1,因為某些人具有求死的慾望，所以我相信有些人會因為死刑的存在而想去犯死罪
1433131456295,284,4320,78,19,1,終身監禁罪犯耗費大眾稅金並非判決問題(因為花錢所以寧可判死)而是執行問題(因為花錢所以應該讓他對社會能有貢獻)
1433162326290,404,1276,1,0,0,再有其他配套措施的前提下，我願考慮與接受廢除死刑。
1433162567037,405,1276,30,73,1,因死刑是不可逆的，而化學反應與時間軸也多是不可逆的，因此應避免任何會對人產生影響的刑罰。
1433161790031,402,7308,54,42,1,如果死刑是為了要實踐報復理論的話，那麼要支持死刑，受害家屬就有義務參與死刑的執行。如果受害家屬做不到這一點，只想要躲在黑幕後面讓國家把一個人殺死，我無法支持這種死刑。
1433162834017,406,7349,39,74,1,"在討論國家是否有處死刑的權利前，先問一個範圍更大的問題，軍隊是殺人的團體，廢死為何允許其存在，軍隊保衛所謂國民的權利就是殺死侵害國家的敵""人"",如果認為軍隊合理存在是因為它能保衛自己的利益，那對於廢除死刑是否就是認為自己不會受到所謂罪犯的危脅，進而以廢死來沽名釣譽呢，否則廢死應該一同推動廢除軍隊，因為人權不分國籍"
1433162961122,407,7475,30,56,1,"你相信台灣的司法判決公正嗎?若否，那你為何會覺得台灣司法判決死刑的犯人該死?幹，可是這種現行犯還有啥好說，就是該死啊幹"
1433163163253,408,1276,61,36,1,"宣判與執行死刑，並不代表就不對社會問題做探究與試圖解決。就像產品出了問題，一是保固修復，一是改善流程，並無衝突。若有衝突，也是因資源搶奪，時效有限所制，此時應先將眼前問題解決後再考慮長遠之策。"
1433163380597,409,1276,14,103,1,我無法百分之百相信執法，為避免不可逆的關到死、關到漏尿的事情發生，應立刻全面禁止任何監禁妨礙人身自由的懲罰的存在。
1433161721741,401,1276,30,100,1,人都會死，死刑只是提早這件事的發生
1433165775392,410,7639,1,0,0,死刑並沒有使犯罪率下降
1433166359420,412,2779,1,0,0,"我不反對國家在戰爭時擊殺敵軍。（無論是否支持死刑）"
1433171796925,419,0,14,115,1,不判處死刑，就是原諒加害人
1433171541484,418,5452,76,38,1,直到殺了人才去關心他，你不覺得太晚了嗎？關心所有需要關心的人，在他殺人之前。殺人的人必須視情節嚴重性付出相應的代價，包括生命。
1433175902864,429,8629,1,0,0,"重點在於死刑存廢與否背後的意義，而不是今天發生了什麼事情就支持死刑或廢除死刑QAQ"
1433169850526,414,8093,78,30,1,應該先討論是否有健全的司法，健全的社會制度，最後才討論死刑是否存廢
1433171380948,416,4348,67,44,1,台灣有死刑已經數十年了，每隔一段時間也會執行槍決，但社會治安卻沒有變好，顯見死刑對於嚇阻犯罪是沒有用的！
1433170333706,415,8174,107,12,1,死刑存廢並不是這次事件的重點。鄭捷一審也被判死刑了啊，卻還是發生這樣的事件，說明我們的社會存在某種問題，死刑存廢與否不會改變這一點
1433166319009,411,2779,82,13,1,"我不反對國家擊殺「持有武器，對他人性命有立即性危險的現行犯」。（無論是否支持死刑）"
1433172030371,420,8351,1,0,0,重要的是用死刑來處罰這些罪人
1433172896062,422,8436,33,84,1,廢死刑的話應該要執行鞭刑，讓他感受那個家庭或是被害者周遭的人的痛苦。
1433172860093,421,8205,75,20,1,不假釋無期徒刑比死刑痛苦，嚇阻力也更大，又可避免不敢自殺者靠殺人求死刑，甚至根據統計成本並不比死刑高。以前我也反對花錢養人渣，但查過資料發現死刑成本更高後，我支持不假釋無期徒刑
1433171483245,417,6064,115,13,1,每個人都該為自己的所作所為負責！
1433169057921,413,4857,33,73,1,殺人償命是天經地義的話，那執行死刑者也應該一命償一命
1433161572549,400,6057,107,15,1,如果繼續處在令人絕望，再怎麼努力都沒有辦法向上流動的社會氛圍之下。我認為下一代變成隨機殺人犯的機率將會大增，而你我都有可能是跪在鏡頭前尋求社會原諒的家屬。
1433173517487,423,5955,1,0,0,台灣人的閱讀能力有待加強，才會把廢死等同於殺人不用付出代價；台灣人的想像力過於豐富，才會把廢死等同於人人都會想殺人
1433173671338,424,8481,1,0,0,賦予什麼權力沒有寫阿！
1433174217986,425,8480,1,0,0,"任何人包括國家都無權奪取他人生命, 但是不包括已經不董尊重生命的人"
1433175055283,426,8629,1,0,0,"鄭捷事件和這次事件相同，我想也應該考慮一下關於安樂死假如說不定，如果安樂死通過，人民也有選擇死亡的權利說不定事情就可以避免了，也能幫助很痛苦的人"
1433175522805,427,8636,1,0,0,國內不該因為國際人權組織施壓而停止執行死刑，畢竟該刑罰在憲法中依然存在；若案子爭議性高，延後執行時機猶可議；但是隨機殺人魔基本上不需要技術性減刑或延長審判時間，讓牠們繼續活著只會浪費社會資源跟媒體版面有害社會風氣。
1433175821215,428,8629,1,0,0,正如社會其他公共成本一樣(蓋路，路燈，政府活動等)，終身監禁的維持成本是可以容忍的成本
1433176240708,430,8629,1,0,0,"終身監禁的犯人也可能產生經濟效益(監獄工廠)，就算是無法產生經濟效益的犯人，終身監禁的成本正如其他公共成本，是一個社會維持運作與安定的成本之一且死刑不可逆，終身監禁使得冤案還有挽救的機會"
1433176288780,431,8629,1,0,0,人有生的權利，應有死的權利，我認為除了死刑，安樂死是可以考慮推動的
1433176424228,432,8629,1,0,0,"死刑冤案造成的成本遠遠遠遠超過終身監禁的成本(例如江國慶案)"
1433176474796,433,8629,1,0,0,我認為重刑犯應不得假釋
1433176663596,435,8629,1,0,0,死刑對於求死的人沒有嚇阻力
1433176761432,438,8629,1,0,0,在討論死刑存廢之前，應先讓更多人正確認識民主與司法的價值
1433176833008,439,8629,1,0,0,由於死刑存在，因此有可能讓想死但不敢自殺的人選擇這條路，因此應推動安樂死，讓人們有死的權利和選擇
1433177076174,440,8740,1,0,0,在社會達到真正零犯罪率之前，死刑就必須存在。
1433177115097,441,8760,1,0,0,死刑是將犯人與社會永久隔絕的手段，消滅一切再犯可能。
1433177352854,442,8740,1,0,0,"隨機殺人犯的動機跟思想養成與死刑執行無關；死刑與否，均無法改變一個人的動機與思想。同意應從根本改善社會風氣，但不同意盲目廢死。"
1433177421185,443,8740,1,0,0,台灣的法律沒有約束社會的作用，只是政客的玩物。
1433177947353,444,8629,1,0,0,速審速決會嚴重牴觸程序正義，也極有可能淪為政治工具
1433178045879,446,8629,88,22,1,速審速決會使文明和法治極大的倒退
1433179014278,450,8922,71,48,1,"如果殺人者死,那判其死刑不就代表我們殺人了"
1433178067964,447,8629,3,112,1,速審速決就不會有冤案了
1433183618984,470,9324,74,13,1,支持死刑與反廢死並不是相同的概念
1433176679875,436,8629,39,46,1,死刑能安撫大眾
1433176657532,434,8629,9,75,1,死刑對於求死的人有嚇阻力
1433178455753,448,8629,8,83,1,賣黑心油黑心食品的人不該死，但是殺死一個人就該死
1433178011318,445,8629,97,15,1,普羅大眾缺乏對民主法治的真正認識，所以很難理解速審速決帶來的結果
1433179292576,451,8922,14,77,1,"一人殺一人是死刑,百萬人殺一人是正義"
1433178863599,449,8977,94,5,1,除了死刑，更應該關注死刑以外的議題，諸如被害人的照顧和心理回復、如何防止下一個慘劇發生。
1433179753122,453,9048,1,0,0,台灣司法制度不健全，讓恐龍法官掌握判決生死的權力是有風險的。
1433179935745,454,9048,1,0,0,被害者的情緒需要被撫平，但刑法若為滿足情緒而生，那給被害人與其家屬去判決就可了，何必要花錢養法官。
1433194460039,483,9565,1,0,0,隨機殺人對象的受害者(學生/一般民眾/黑道)會影響我對支持死刑的看法。
1433195435401,484,9565,1,0,0,隨機殺人影響的人數越多，越該被判死刑。
1433180028890,455,9031,62,31,1,死刑的合憲基礎為0，在生命至高無上的概念之下，人沒有剝奪他人生命的權力。既然沒有這權力，又如何授權國家剝奪人民生命？再多的0授權出去還是0，不會因爲有2300萬個0聚合就變成100。
1433180483350,457,9048,1,0,0,如果有人對外宣稱[搶劫強盜不管犯幾次都不會死]，所以故意到處強盜，此時代表現行刑法強盜罪(目前法定刑五年以上有期徒刑)無嚇阻力，應該升高到可處死刑，以避免有人基於不怕死而故意搶劫。
1433182105461,464,9226,1,0,0,只要有任何一點點誤判的機會，國家就沒有理由擁有死刑。
1433183885190,472,9363,1,0,0,後半段同意，但人權我再乎 所以PASS
1433179569572,452,0,89,5,1,我無法百分之百相信司法
1433180253288,456,9048,1,0,0,"沒有什麼事情是""絕對的""、""天經地義無須理由""的，死刑制度只是一種選擇，就像過去我們認為盜竊要砍手、或者伊斯蘭國家認為通姦要亂石砸死，重點應該看我們想在死刑制度中達到什麼價值。"
1433182487947,466,9226,61,19,1,支持廢死並不是因為慈悲寬恕，而是因為不能賦予人為的司法制度「死刑」這樣至高無上的權力，且被全民當作解決犯罪的唯一解答。
1433181097674,458,9048,46,7,1,"只要有人就會有瘋子，每個人都承擔著風險:被瘋子傷害的風險跟承受不住社會壓力變成瘋子的風險，前者就像劉小妹妹一樣，後者就類似""心理的畸形兒""生理的畸形兒，就是機率問題，比方說先天性不全心臟病，一千個嬰兒就會有七個，無法避免的，妳生出來運氣不好就是會有，他們的不幸換來了別人的幸運。從社會的角度來看，心理變態也是一種不幸的機率，即便降低依然會產生。也許我們只是運氣比較好而已...。"
1433181147104,459,8946,1,0,0,無論我們是支持或反對，至少都應該對死刑這個方法開始有點懷疑了，而不是繼續用相同的方法卻相信、期待能得到不同的結果。
1433181479866,460,9048,1,0,0,"無期徒刑終生不得假釋比死刑好。1.死刑的誤判問題有較大的機會能還無辜的人公道，並且讓倒楣的人有機會享受到賠償金，而我們人人都可能都是那個被捲入法庭的倒楣鬼，在恐龍法官檢察官跟無良律師嗜血媒體操作下。2.死刑犯不用勞動賺自己生活費，但徒刑犯人要，甚至徒刑犯人產值養自己還有剩。3.終生不得假釋應該要嚴格執行，絕對不得假釋的條文入刑法，才能達到永久隔離效果。"
1433181710061,461,9102,1,0,0,法官是人不是上帝。就現有的科技發展與證據蒐集，只能盡可能地做到公正公平。而死刑因為其不可逆，假如因為蒐集證據、判決而有一絲疏漏導致無辜的人誤判而死亡，那麼一切都不可挽回。
1433181812847,462,9102,1,0,0,我反對死刑，但是基於遵守法治的情況下，我認為既然國家有死刑，就應該依照法律去判決與實行。而不是依照掌權人的意志而搖擺不定。
1433181938443,463,9102,1,0,0,受害者家屬與大眾會感到義憤填膺是基於對人道的關懷，但並不應該讓情緒主導了法治。
1433182681230,468,9226,1,0,0,生與死是一翻兩瞪眼的事，死了就什麼都沒有了，不認為裁量罪致死與罪不致死是人類可以擁有的權力。
1433183570915,469,9324,1,0,0,死刑與被害者家屬的保護跟後續照護可以併行
1433183734789,471,8687,1,0,0,"死刑與終身監禁在遏止犯罪這項功能上的差別，大抵就像是罰款一億元跟罰款一千萬元的差別，在算計方式正常的人類看來幾乎是一樣的：絕對不要去犯會受到這種懲罰的罪，要不然就是犯了一定要想辦法逃掉。由此看來，在終身監禁這個選項之外，增加死刑這個選項，對遏止犯罪的效果應該不大。如果死刑的存在會讓即將犯下重罪的人覺得自己很帶種，連死罪都不怕，那麼死刑這個制度說不定還有助長重犯罪的效果。"
1433184178779,473,9362,1,0,0,"負責不是以所為付出生命的代價就能解決問題的產生，若不敢正視問題並且開始思考著手可能，永遠都只能站在原地。我不是說你，我是說在座的各位－都該想想這件事情。"
1433184571163,474,9362,1,0,0,社會責任不僅僅止於社會大眾；官員，特別是有決定權的，應該多思考制度的影響。
1433185294159,475,9362,1,0,0,"如果讓＂羞恥＂作為重大犯罪者必須背負的代價，會不會遠比死刑來得有效？管見認為：如果讓重大犯罪者回歸社會的同時，令其犯罪紀錄透明化，且同時讓整體社會能夠與服刑期滿的受刑人有正常的互動，令受刑人能夠正常回歸社會的話，是否能夠降低二次犯罪？但這似乎要令犯罪者能夠保有希望與認識代價才能夠真正實現…。犯罪是令人厭惡的，但二次犯罪跟初犯所應負擔的不該等價才是…。"
1433185716809,476,9406,1,0,0,許多犯罪者大多有不好的成長背景，應該從社會福利與教育著手，才能有效遏止犯罪。
1433192068186,477,9542,1,0,0,"「反社會人格」代表缺乏人性，有必要與社會隔絕。犯下天理不容罪行且罪證確鑿的反社會人格者，更有永遠與社會隔絕之必要，死刑即是最適合的隔絕方式。"
1433192373525,478,9542,1,0,0,"天理即是人情，違反人情即是傷害天理。「欠債還錢，殺人償命」就是天理人情；即便有少數例外，也不能以此否定天理人情。"
1433192674302,479,9542,1,0,0,"如果廢死的理由是〝政府不能殺人，國家不能有暴力〞，那麼軍隊可以取消了。如果認可國家應該有軍隊，卻主張廢死，那就是偽君子。"
1433193053596,480,9542,1,0,0,"殺人償命，欠債還錢。我可以同情一個人欠債的原因，不代表這個人可以不需還錢。所以「殺人可恕，情理難容」，古人早就釐清這個問題了。何謂情理？情理就是人情義理。那就是，即使殺人情有可原，但原諒不代表殺人者無須付出代價。"
1433193557010,481,9565,1,0,0,我支持死刑，是因為害怕死刑犯對被害人做的事情發生在自己或是自己的親友身上。
1433194204533,482,9565,1,0,0,隨機殺人的動機及原因應被釐清，以幫助我們變成更好的社會。
1433202955562,485,9928,1,0,0,"我認為法律是道德最後防線，是以恐懼來控制人心的手段，既然如此，設計制度時就要分析並依據犯罪者的人格特質，猶如事情總是能往最壞的方向發展的噩夢一般，給予潛在犯罪者更巨大的心理壓力。對於一心求死的：剝奪自殺的權力與能力，疼痛加上24小時洗腦式的言語暴力，從精神與肉體雙管齊下的終生凌遲。對於懼怕死亡的：這就死刑，我沒意見，不過我認為這種刑法應該只能適用於情節較輕者。"
1433204266541,486,9937,1,0,0,死是人類群體對群體成員之強制行為。不僅是與人類群體永遠隔絕，也與自然永遠隔絕。
1433204516728,487,9937,1,0,0,「死」只是個結果。死刑的功能與效果是人類以其文明附加上去的。如何「刑」「死」，即死刑的執行條件、方式與程序才是決定死刑的功能與效果的關鍵。
1433208427204,488,255,1,0,0,"支持死刑者大多認為死刑是種正義但是當遇上冤案時受冤案者的正義又由誰來執行?支持死刑的時候喊的很大聲真的發生冤案時只想著要國家負責嗎?"
1433208670443,489,10220,1,0,0,"你全家人除了你都被闖空門的強盜殺死了,還被分屍,你會笑著原諒對方,跟他說沒關係我原諒你,給你一個重生的機會。"
1433208812177,490,10220,1,0,0,"既然死刑無法防止重大刑案發生,應該開放槍枝購買讓民眾防身"
1433210492882,491,10314,1,0,0,同意。所以被害人與家屬的生命與家庭不應該被一個加害者而毀了，留下一輩子的痛。
1433212903914,492,10407,1,0,0,隨機殺人事件與死刑存廢跟本就是兩個議題
1433213163562,493,10407,1,0,0,終身監禁只是浪費社會資源，死刑是必要的。
1433213763031,494,10497,1,0,0,"我一位有殺人衝動的控制型人格友人表示""你們被法律保護久了，已經忘了當初的恐懼。""""這種異常是會遺傳的，斬草除根，懂嗎？"""
1433182610101,467,9226,37,5,1,請看看鄭性澤案
1433176684157,437,8629,53,38,1,死刑不能安撫大眾
1433218194730,495,10740,1,0,0,若死刑對大眾具有情緒安撫效果，那應該要廢死無誤
1433218510035,496,10783,1,0,0,"某批貨有產品異常，檢驗不過，被卡在品管單位(司法)，然後討論是否讓他過(廢死與否)，要重工呢(刑責)還是報廢(死刑)?重工又沒過呢?報廢萬一是檢驗有誤呢?萬一重工後出去市場才發現有毒，而傷亡呢?重工後，後續的產品中，重工數量未減少；報廢後，後續產品中報廢的數量也沒減少。只是決定重工或報廢的處理罷了，沒有解決異常啊!良率一樣低，一直報廢或是重工，有的還重工數次，重點在製程就要減少異常發生啊!"
1433219779962,497,4488,1,0,0,"假如有一天我被殘忍虐殺了,我願意原諒犯人,不需判死刑"
1433219910501,498,4488,1,0,0,"在印度,女人被輪姦致死,是無罪的在台灣,犯人也不需判死"
1433219970695,499,4488,1,0,0,"我的小孩被虐殺了犯人只要道歉,我願意原諒,不需判死"
1433220133089,500,4488,1,0,0,"如果廢死聯盟成員遭到大量屠殺犯人不需判死"
1433220225252,501,4488,1,0,0,"恐怖活動如果發生在台灣無論死傷多少人,兇手皆不需判死"
1433225743696,502,11175,1,0,0,在以「人性」為首的社會，沒有一個人、一群人、一個社會，有其能力決定死刑的存廢。
1433225892054,503,11175,1,0,0,當加害者的動機是為了受死刑而犯下隨機殺人，死刑這個刑罰就有其矛盾之處而值得被討論
1433227634796,504,11247,1,0,0,"槍決死刑犯沒有辦法改變這個社會。它只是一聲槍響，在遙遠不知何處的刑場。沒有人知道死刑犯怎麼了，沒有媒體報導也沒有人看見。那麼，就讓它回到教育的一環吧。"
1433227678762,505,11236,1,0,0,這位最新的殺人魔不就是因為他認為可以順利吃牢飯而不可能被判死刑才殺嗎
1433227793800,506,11236,1,0,0,當然太便宜他，請參照百鬼夜行的死刑犯重生計畫
1433227988384,507,11236,1,0,0,看來我們需要夜神月來當奇樂，至少不會誤判
1433233238797,508,11404,1,0,0,將“殺害特殊族群”（如：老人、小孩）特別加重刑責，是在破壞“人人生命皆為平等”的觀念
1433233316023,509,11390,1,0,0,"曾文欽說：「只殺一、兩個人不會處死」。顯見並非死刑無法嚇阻殺人行為而是在普遍廢死的氣氛下，兇嫌認為儘管犯下如此殺人重罪仍得以存活。"
1433234296456,510,11387,1,0,0,"""沒有任何人可以殺人""是不變真理。"
1433256187955,520,11849,1,0,0,掐死自己無力照顧的腦麻痺兒子的父親也應該被執行死刑？
1433242854718,512,5539,1,0,0,"有死刑的情況下還殺人，就是放棄自己的生命，所以殺了他也沒什麼大不了的"
1433243024444,513,5539,1,0,0,"文化沒有優劣，當一個社會都不反對某種行為，那國際就應該尊重這國家的文化像是人獸交、禁止同性戀或是死刑。"
1433244382538,514,11648,1,0,0,人去想像死亡並不會得到真正的死亡體驗，死亡在發生的那一刻才會變成人真正的體驗，但是這個體驗沒有機會變成經驗，因此死刑解決不了隨機殺人的問題。死刑可以解決當下被害者家屬與群眾的恨與憤怒，這的確很有效果。但後面沒辦法解決的是家屬未來無止境的悲傷與遺憾。所以真正需要解決的還是回歸到阻止＂隨機殺人＂問題。
1433348864958,544,12745,1,0,0,"廢除或支持死刑造成社會對立也讓該討論的議題被模糊了"
1433251574111,515,11806,1,0,0,"隨機殺人事件這病態的社會中出現的產物，而死刑能處理得是這些產物而並非可以解救這病態的社會。或許一一處理掉這些生病而壞去的產物並且減緩它產生的速度，但他還是會繼續產生潛伏甚至一次爆發，在這社會還是一直是病態的狀況下...這兩者肯定有關係，死刑也確實有它的影響力...只是他只能處理並不能治療。我想要的是治好這社會病的醫生，而不是殺病毒的劊子手。"
1433252566264,516,11819,1,0,0,"看不到的，永遠比看得到的多不是認為鄭捷、龔嫌無錯他們有錯的，他們奪走了其他生命發光的可能；亦都不是認為殺人無罪、死刑該廢只是，想引用李宣毅律師說過的話【只殺了墮落天使，卻忽略誘惑他的撒旦。】也許在死刑存廢之餘，有更多的問題該關心。"
1433255798476,517,11849,1,0,0,生活有可能是比去死還要痛苦的？
1433256013704,518,11849,1,0,0,奪取別人生命的代價是極為龐大的，龐大到永遠無法償還？
1433256089340,519,11849,1,0,0,你想像過自殺嗎？
1433256249341,521,11849,1,0,0,你相信政府不會把死刑拿來當成政治工具嗎？
1433256322865,522,11849,1,0,0,"這是一個弱弱相殘的社會？"
1433256415909,523,11849,1,0,0,對抗恐怖份子是戰爭狀態？
1433256577311,524,11849,1,0,0,劉政鴻間接造成大埔張藥房的主人張森文自殺，也應該判處死刑
1433256692299,525,11849,1,0,0,國民黨過去70幾年白色恐怖屠殺了無數無辜的人民，黨主席應該被判處死刑
1433256853838,526,11849,1,0,0,台灣社會需要更多的仇恨
1433257144708,527,11849,1,0,0,不把人當人看使得人殘酷
1433258380318,528,11849,1,0,0,讓兇嫌看見良知並終其一生悔悟，比起輕易抹殺兇嫌的生命來得重要
1433259613352,529,11983,1,0,0,打著就是要被判刑而去傷害別人的心態，才是應該要被矯正的地方，死刑只是在事情發生後給犯人一個重重的懲罰，問題是人都殺了，就算判他死刑，被害者還是無法起死回生，那不如打回最根本的問題，從教育、社會、政府等部門去想，一個人的價值觀應該怎麼培養，才不會誤入歧途
1433297590587,530,12270,1,0,0,問題不在於廢死與否，而是司法程序能讓真正有罪的人得到應有的報應。
1433414442473,549,13027,1,0,0,國家機器有沒有取人性命的權利是制度面的事情；受害人怎麼樣報復加害人是權衡厲害的考量；不要把兩者扯在一起看就清楚多了。
1433416559062,550,13032,1,0,0,以暴力對待暴力，往往只會造成更大的反撲。
1433306576019,531,12404,1,0,0,冤獄的機率比你想像中高
1433308300864,532,12439,1,0,0,你同意死刑嗎
1433319029509,533,12547,1,0,0,台灣很多重大議題都是卡在政府，廢核能(核四)與否還有廢死與否，不值得大多數人民信任的政府才是最大癥結點
1433319588739,534,12542,1,0,0,"1.殺  是一種人的天性（殺豬.牛.或人），軍人和傭兵退休後也會有想殺人的衝動，只是能不能遏止。現在的殺人行為 ，就像以前的異性戀反對同性戀的情形一樣，與其如何想著為什麼會有這種行為、如何遏止，不如想著這種衝動要如何解決2.我認為爭論點別放在廢死與否.悔改與否而是要討論對於這種人與衝動所進行的預防和心裡諮詢…等等各種配套措施"
1433319995621,535,12505,1,0,0,"你是否清楚並了解""嚇阻理論""。"
1433321388548,536,12505,1,0,0,殺人償命，天經地義？
1433323842995,537,12592,1,0,0,不假釋無期徒刑，自給自足才是正解，那些想死不敢自殺的也不會因此去隨機殺人
1433323890781,538,12592,1,0,0,憲法並未賦予公權力執行殺人的權力
1433324058306,539,12592,1,0,0,對政府來說，殺死一個兇手太容易了，好像殺掉問題就解決了，民眾就開心了，但是大家沒有意識到，這種人殺不完的。
1433324132702,540,12592,1,0,0,與其討論死刑存廢，檢討如何降低隨機殺人案才是重點
1433327925254,541,12624,1,0,0,死刑廢止，取而代之要永久剝奪其自由
1433328198249,542,12624,1,0,0,"假設這社會是一個充滿關懷且不會產生反社會人格的環境，我相信世界上還是會有殺人犯。因為，天性是註定的。"
1433347903961,543,12736,1,0,0,台灣應立即實施唯一死刑制度，將所有觸犯刑法者皆處以死刑，一來解決台灣過於擁擠的現狀，二來能滿足期望死刑解決一切的人以及讓有其他意見閉嘴，專注於自己本分，共創中華民國大帝國。
1433350398848,545,12747,1,0,0,"人權直接來自於神，任何人的任何行為或者努力都無法影響神所賦予任何人的天賦人權。"
1433354495955,546,12796,1,0,0,"廢死與否，在看完各方論述之後，還不能得出一個很明確的答案，但如果是以＂愛＂為出發點的想法，都值得社會尊重。除了蔡正元，還在玩國民兩黨的白癡政治遊戲"
1433381036669,547,12862,1,0,0,現在的社會風氣是：比起替受害者討公道，執行死刑是為了讓我們其他人不會受到相同的傷害。
1433399115018,548,12902,1,0,0,"廢除死刑並不是為了加害人的人權, 而是不讓不被信任的政府, 司法, 公權力擁有殺人的權力!"
1433417268287,551,13035,1,0,0,死刑會讓潛在殺人犯認為＂殺一人和兩人都是死，所以多殺一點才划算＂進而造成犯罪事件嚴重化
1433423959279,552,13047,1,0,0,死刑有可能造成無法挽回的錯誤，無論機率多低。
1433424071320,553,2779,1,0,0,我不敢支持死刑。
1433424121436,554,2779,1,0,0,死刑並非「惟其有效」之處方，因此無法與軍隊相比。
1433424267563,555,2779,1,0,0,因為不可能達到「毋枉毋縱」，我只能選擇「毋枉寧縱」，而非「寧枉毋縱」。
1433424442026,556,2779,1,0,0,以臺灣落後的制度與程序，沒有資格擁有死刑。
1433424465288,557,2779,1,0,0,以臺灣落後的民智，沒有資格擁有死刑。
1433424607570,558,2779,1,0,0,我主張以不可假釋、無上限之終身監禁代替死刑。
1433424751106,559,2779,1,0,0,在條件不完備時，強要「速審速決」，只會造成多數暴力的「刁民斷案」，因為檢、警、法同樣是人，不可能不受所謂「社會期待」的影響。沒人喜歡被罵成恐龍、水母。
1433425104245,560,2779,1,0,0,人非全知全能，即便完善的證據與程序，形成冤獄的可能性依舊高於0%，而死刑則會使受刑人往後所有可能都等於0%，故當廢死。
1433449645881,561,13133,1,0,0,"""該題顯然假美國擁槍條件是可以移植台灣的""是什麼意思?"
1433458668040,562,13140,1,0,0,"隨機殺人犯心態上就是想殺人，求死只是其次或藉口，真的一心求死而無意傷害他人的只會自殺，隨機殺人這選擇本身就是殺人的想法大於求死，正確的解讀是""想殺人不計一切後果!""，沒有一種制度能教化所有人，因為我們是人不是神，心存理想而面對現實，我認為死刑仍然有存在的意義......"
1433460729083,563,13153,1,0,0,無論死刑存廢與否，台灣應先推動不得假釋的終身監禁制度。
1433460868113,564,13153,1,0,0,廢除死刑的同時，必須有不得假釋的終身監禁做為替代的配套制度。
1433461019416,565,13153,1,0,0,在永久將重刑犯與社會隔離的作用上，終身監禁（不得假釋）制度與死刑的效果相同。
1433461225828,566,13153,1,0,0,為了避免冤獄誤殺，用終身監禁（不得假釋）來替代死刑是較理想的方式。
1433462160069,567,13154,1,0,0,廢死論者的主張讓殺人犯不用受到任何處罰，可以無罪釋放。
1433464046442,568,13154,1,0,0,我不殺人，完全是因為害怕死刑。
1433476636827,569,13186,1,0,0,"如執行死刑，最大受益者是死者家屬，最大受害者是犯人（包括被誤判者）。如廢除死刑，最大受益者是犯人（包括被誤判者），最大受害者是死者家屬。"
1433478345108,570,13239,1,0,0,"因為監獄裡太多人不堪負荷，所以明明應該是「矯正不良行為」的場所，卻變成「不良行為進修」的場所。減低裕正和司法成本要釜底抽薪，也就是降低犯罪率。"
1433478447527,571,13258,1,0,0,沒有完善的預防再次犯罪制度之前，不該廢除死刑。
1433480715252,572,13333,1,0,0,"我偏死刑可是誰也不能保證下一次的死刑是否會誤判如果說在還未查明完完全全的真相前法官在媒體跟人民輿論的壓力下判決出死刑那這跟獵殺魔女有甚麼兩樣?"
1433480935891,573,13309,1,0,0,隨機殺人是否能被阻止與死刑存廢不能混為一談
1433518188391,659,13593,1,0,0,死刑的意義不再於以牙還牙，而是將罪大惡極之人永遠的與世隔絕避免他再次傷害別人
1433481377773,574,13323,1,0,0,"現階段大部分民眾是不相信政府媒體，所以也不該相信政府媒體的證據與判決而必需存疑。於是在現階段不成熟的信任度與機制下，執行死刑判決是非常危險與不文明的行為。"
1433482440006,575,13367,1,0,0,在沒有出現任何刑罰能讓人比死刑更易恐懼與悔改之前，我不支持廢除死刑。
1433482557024,576,13367,1,0,0,當犯人奪取受害者的人權或生命，也同時放棄他身為人的權利。
1433483178157,577,13387,1,0,0,這個議題是沒有大家都同意，一提出就一切OK的完美最終解答的
1433483376272,578,13395,1,0,0,廢死支持者時常表示，因不信任司法，所以要廢除死刑，但事實上，司法改革與死刑存廢並不衝突，因此這個立場是站不住腳的。
1433484102553,579,13405,1,0,0,報復性的，基於「已眼還眼」概念的死刑，和愉悅性殺人的行為一樣不可取。
1433486348499,580,13436,1,0,0,我對反社會性人格有確實且深入的了解。
1433486391270,581,13436,1,0,0,我知道反社會性人格擅長利用他人的同情心來達成自己的目的，包括眼淚或是說自己有悔意，即使他們並不真的像一般人那樣擁有良知。
1433486494482,582,13436,1,0,0,我知道這世界上有一群天生就沒有「第八感」，即所謂「良知」的人存在，他們對於殺人或是將他人的生活搗毀毫無罪惡感，且感到刺激。
1433486561058,583,13436,1,0,0,當我討論罪犯或是死刑存廢時，我對犯罪心理學有深入的理解。
1433486649668,584,13436,1,0,0,我知道隨機殺人者和一般的罪犯的心理與認知有所差異。
1433486708919,585,13436,1,0,0,我知道一般人犯案動機往往是為了錢、感情、或一時衝動，而隨機殺人者的動機往往與這一般罪犯不同。
1433486787644,586,13436,1,0,0,我認為隨機殺人者或精神病患殺人和一般罪犯並不相同，因此審判應該分成兩套標準，並且使用測謊技術來分析他們是否嘴上說不怕死、事實上卻在審理開始時說他有悔意。
1433486838314,587,13436,1,0,0,我的親屬、或我認識的人曾經有人被殺。
1433486894821,588,13436,1,0,0,我確切明白每25人裡面就有一個「無良心症候群」，即反社會性人格者。他們對於他人的痛苦毫無感覺。
1433486935227,589,13436,1,0,0,我認為殺人者說「我為了要求得死刑才殺人」只是為了讓自己看起來很勇猛，而非事實，他們最後終究會求取不要判死。
1433486964242,590,13436,1,0,0,我認為死刑犯說後悔是真的，即使他們當初有機會踩煞車。
1433487049982,592,13436,1,0,0,隨機殺人案是國家腐敗造成的結果。
1433487036057,591,13436,1,0,0,死刑遏止的是一般人的殺人事件，而非隨機殺人案件，隨機殺人案件是與一般殺人案動機截然不同的新型案件。
1433487693356,609,13436,1,0,0,我認為隨機殺人與校園霸凌有關。
1433487072968,593,13436,1,0,0,我因為一些原因（錢、感情、衝動）想過殺人。
1433487130930,595,13436,1,0,0,如果以鞭刑取代死刑，我願意支持廢除死刑。
1433487191614,596,13436,1,0,0,只要我有擁槍殺人的權力（如堡壘原則），我就同意廢除死刑。
1433487462040,603,13436,1,0,0,我知道反社會性人格常把所有事情包括殺人當作一種刺激的遊戲，他們會先犯下滔天重罪，然後利用他人的同情心逃出法網，這樣的過程給他們帶來極大的勝利感與愉悅。
1433487208026,597,13436,1,0,0,我能清楚一眼就分出反社會性人格與一般人的差異。
1433487225795,598,13436,1,0,0,我認為所有的精神病患都會殺人，即使更多的精神病患往往選擇自殺。
1433487373273,601,13436,1,0,0,我知道反社會性人格可以被識破與測量，我認為死刑案件審理時應當加入這樣的觀察，以釐清誰真的可以被「酌情減刑」，而非所有的人都被反社會性人格矇騙。
1433487277895,599,13436,1,0,0,我認為反社會性人格會長的與我們不同，比較長的像魔鬼或面相差勁，而非長的像親切的鄰居、賣早餐的小販，或是愛家的好男人。
1433487313690,600,13436,1,0,0,我知道反社會性人格之所以不怕死刑的原因是，他們從來就不害怕任何事物，他們幾乎感覺不到感情。
1433487392179,602,13436,1,0,0,我知道反社會性人格非常擅長玩弄他人的情感來為自己脫罪。
1433487578715,604,13436,1,0,0,「殺人殺童者要盡速死刑」包含接生死胎的婦產科醫生、對孩子接吻結果傳染接吻病毒的母親、以及路過車禍沒有下車救援的民眾。
1433487600760,605,13436,1,0,0,我覺得養出殺人者的父母也該死。
1433487621535,606,13436,1,0,0,我覺得殺人者的父母一定都沒在教小孩，而被害者的父母與家屬一定非常可憐。
1433487654182,607,13436,1,0,0,我能分清楚衝動殺人、謀殺、姦殺、虐殺、凌遲、食屍這幾種案件的不同，而不將其犯案動機混為一談。
1433487683247,608,13436,1,0,0,我希望台灣落實從小開始的心理健康關懷，從最根本減少無差別殺人的發生。
1433487715082,610,13436,1,0,0,我不想理解殺人的人為什麼要殺人以及有什麼社會問題造成他們這樣，只要他們快點去死我就會感到舒坦。
1433487775931,611,13436,1,0,0,即使我沒有修過相關學程，我認為我比社會學者、犯罪心理學家等其他人聰明，只有我的思考才是真正一語道破的。
1433487793333,612,13436,1,0,0,我在說出「把那些死刑犯全部殺光」的時候我感到非常愉悅。
1433487821155,613,13436,1,0,0,只要死刑犯被槍決，我就感到爽快。所以我支持死刑。
1433487888701,614,13436,1,0,0,我認為販賣毒油、假米、農藥茶等有毒食物來毒害國人的健康的人，也應該處以死刑，即使我知道往往他們最後都被重重提起、輕輕放下。
1433487911552,615,13436,1,0,0,我認為販賣毒油、假米、農藥茶等有毒食物來毒害國人的健康的人，比起殺人犯沒有那麼壞。
1433487948649,616,13436,1,0,0,我認為殺人犯該死，但是政府大量殺人是為了秩序，可以被允許。
1433488018283,617,13436,1,0,0,死刑犯的用途就是拯救民調
1433488033642,618,13436,1,0,0,我認為政府有操作這個議題的感覺
1433488108379,619,13436,1,0,0,我明白行為的結果（死刑）無論罪犯有沒有悔改，都是他應當承受的，我們對他悔改的獎勵，就是安頓其家人、給予其安慰。
1433488135536,620,13436,1,0,0,我知道我所接受捐贈的眼角膜、心臟等可能是罪大惡極死刑犯身上所摘下的。
1433488158042,621,13436,1,0,0,我不想接受死刑犯捐贈的眼角膜或心臟。
1433488214585,622,13436,1,0,0,我認為社會才是造成殺人案件的問題，而非制度。
1433488302967,623,13436,1,0,0,我清楚明白槍決死囚的法警和因為自己愉悅殺人的殺人犯不同。
1433488381815,624,13436,1,0,0,我支持死刑，即使我不相信台灣現有的司法審查制度。
1433488473645,625,13436,1,0,0,我清楚知道一般人懼怕死，但反社會性人格不怕，因此不應該以反社會性人格為基準來修改法條，這是不符合比例原則的。
1433488507415,626,13436,1,0,0,我希望廢除死刑，同時廢除需要繳稅的法令。
1433488575883,627,13436,1,0,0,我知道美國廢除死刑的眾多支持者是黑人，因為黑人懼怕自己被政府再度使用死刑來冤獄與迫害，因此反對死刑。
1433488641637,628,13436,1,0,0,我知道如果現行司法誤判導致冤獄，相關審判人員需要負責。
1433488654436,629,13489,1,0,0,"放一個老鼠屍體，或許還是有老鼠出現。但拿掉了老鼠屍體，將會有更多老鼠會出現。"
1433488686978,630,13436,1,0,0,我認同台灣現狀是「死刑變無期、無期變有期、有期變假釋」以及「有錢判生、沒錢判死」。
1433488717525,631,13436,1,0,0,如果有一天我涉入殺人案，我可以接受被速審槍決，即使可能我根本沒殺人。
1433488823770,633,13436,1,0,0,台灣現在的法律常識並不普及，許多民眾停留在不完全的認知裡，且很容易受到報紙或者媒體煽動利用。
1433488884167,634,13491,1,0,0,反社會人格非後天養成，是先天造成，因此難以以教育或醫療手段治療，但有此人格不代表一定會成為犯罪（雖然比例較一般人高）
1433488957359,635,13436,1,0,0,我支持廢除死刑，但是殺人案還是不要發生在自己或親人身上比較好。
1433489000477,636,13436,1,0,0,我清楚明白隨機殺人（通魔）除了希望受到人群注意外，往往是沒有理由的，和一般殺人罪犯並不相同。
1433489018445,637,13436,1,0,0,我們越關注隨機殺人案件，越助長隨機殺人犯的發生。
1433489069310,638,13436,1,0,0,「原諒他是上帝的工作，我們的職責是把他送到上帝身邊。」
1433489378674,639,13436,1,0,0,我認為台灣的各種條件與教育、民主程度都跟歐美等其他廢死國家相同，所以刑罰也應該比照辦理。
1433489473285,640,13436,1,0,0,因為人不能殺人，所以即使隨機殺人犯要殺我，我也不可以殺他。
1433489495261,641,13436,1,0,0,如果隨機殺人者要殺我，反而被我殺了，我必須接受死刑。
1433489555867,642,13436,1,0,0,隨機殺人犯說他們一心求死，雖然他們還活的好好的，也沒有企圖自殺。
1433489571391,643,13436,1,0,0,我了解到罪犯可能被冤枉，同時也有可能說謊。
1433489595439,644,13436,1,0,0,一心求死只是一個煙霧彈一般的謊言，否則他們早就自殺了。
1433489648980,645,13436,1,0,0,我曾經想死，所以我想過去殺人，來求得死刑。
1433489669989,646,13436,1,0,0,100%無冤案是不可能的。
1433489778964,647,13436,1,0,0,我們繳稅金給國家，就是希望國家免於我們恐懼殺人犯的自由。
1433489848161,648,13491,1,0,0,"鄭捷與割喉者都不是真正的一心求死者，證據是大多數真的一心求死且自殺成功的人，都是事前沒有徵兆，死亡後家人才發現的。怕痛卻不怕死的人是不存在的"
1433491021752,649,13513,1,0,0,"""沒有死刑如何遏止犯罪?""""沒有通姦罪家庭如何和諧?"""
1433492677323,650,13527,1,0,0,比起討論死刑存廢，我希望政府花更多心力來預防犯罪。
1433494560854,651,13542,1,0,0,比起死刑存廢與否的問題，堪憂的民智才是當務之急（尤其那些被自以為的正義蒙蔽雙眼、拒絕思考的未爆彈）
1433495630177,652,13543,1,0,0,根本不需要反廢死，台灣的死刑還存在。
1433495814642,653,13436,1,0,0,殺生為護生，斬業非斬人。
1433495891145,654,13436,1,0,0,如果社會上無法認知到「這世界上就是有著天生沒有良心的反社會性人格者」，就會使得其他96%有良心的人陷於危險之中。
1433496052521,655,13436,1,0,0,廢死的理論只是犬儒主義的衍生物。
1433497024015,656,13436,1,0,0,我的理性可以接受廢死，但是我的感性還不能，台灣需要一點時間，但是現在卻利用這個需要緩衝的弱點來操作人民的感情。
1433508848472,657,13651,1,0,0,不管殺人犯動機為何，他的所作所為都是自私的。
1433515263378,658,2779,1,0,0,"死刑，受刑者冤死的可能性永遠大於0。死刑，受刑者往後任何的可能性，都等於0。"
1433518544995,660,13593,1,0,0,並不因該所有重罪者都判以死刑，若犯人是為了自殺而殺人，那麼便因該給予它其他強烈的懲罰，直到他不想死了再下其他判決，以避免有人為了求死而行動
1433522154416,661,13709,1,0,0,"隨機殺人：施害者因心理、社會環境等因素而殺人。死刑：施害者須替自己的行為付出代價，目前，代價是死刑。-衡量「死刑(結果)」的存廢能否影響「施害者心理、社會環境等因素(原因)」。1.可以影響的情況，我支持死刑 。【改變司法】2.不能影響的情況，我支持探討隨機殺人的原因，去了解背景，再針對原因去改變社會中存在的這些因素，進而減少「隨機殺人(行為)」的產生。【改變環境價值觀】"
1433555139620,662,13772,1,0,0,「我不想變成冤獄的共犯」與「我不想變成殺人犯的共犯」都是一樣善良的，但善良的人如果無法理解到世界上有人就是有天生沒有良心的反社會性人格，就會使得其他有良心的人都處於危險之中。
1433593252526,663,13867,1,0,0,主張廢死的一方受到不公平對待，例如侮辱、咒罵、扭曲。
1433614617620,664,112,1,0,0,"隨機殺人的死刑犯之產生, 有先天有後天因素, 不會只有先天或後天, 而整個社會對後天的因素有責任"
1433614734158,665,112,1,0,0,"如果我從小到大都過著跟這些隨機殺人的殺人犯一樣的人生(包含家庭, 教育, 碰到的人事物之一切), 我不敢保證我一定不會變成殺人犯"
1434792679971,666,14429,1,0,0,終身監禁感覺比死刑好多了，但是讓人在終身監禁仍然有為社會回餽的能力是重點
1434792749508,667,14429,1,0,0,死刑可以嚇阻不想死的人，但是對於想死的人來說一點用都沒有
1435161654881,668,14561,1,0,0,人們會模仿備受矚目的行為。死刑也會使社會更殘暴，更多殺人事件。
1435161769222,669,14561,1,0,0,死刑不是補償受害者或家屬的方式，死刑就是再多殺人的一個程序。
1435232477020,670,3577,1,0,0,x
1452702751016,688,15702,4,1,0,解決犯罪動機的來源、消滅犯罪誘因，比制裁犯罪來得重要得多。
1452703301101,689,15702,4,0,0,除了正當防衛之外，任何人、任何組織都不該傷害甚至殺死他人，無論你多討厭這個人。
1452760737911,690,15705,2,1,0,死刑
1452760955237,691,15707,3,1,0,殺害無反抗能力的孩童真的應處極刑
